1013605535,asdasdsad,ryhrtyhrtyh,3100008000,abcd@gmail.com,1234dwqqerq,Visa,4595123123,activo
1013605536,advadsfasdf,rtyhrtyhrtyh,3100008001,efgh@gmail.com,123dwqr234,Master,4595123124,desactivado
1013605537,asdfac,uikuikiu,3100008002,ijklm@gmail.com,gtr1341234,Dinner,4595123125,desactivado
1013605538,adsfa,sdfgsdfgs,3100008003,mnopq@gmail.com,feqreq41234123,Master,4595123126,desactivado
1013605539,asdfac,sfg,3100008004,rstu@gmail.com,faerqer1324fq,Visa,4595123127,desactivado
1013605540,asdfadsf,sfdgsdfg,3100008005,abcd@gmail.com,q1fe4t15fqe,Master,4595123128,desactivado
1013605541,dfasdfa,srtyiuytk,3100008006,efgh@gmail.com,123fqer143reqf,Visa,4595123129,desactivado
1013605542,asdasdsad,kuiktk,3100008007,ijklm@gmail.com,13efqr134,Master,4595123130,desactivado
1013605543,advadsfasdf,ryhrtyhrtyh,3100008008,mnopq@gmail.com,fqer132rfeda,Visa,4595123131,desactivado
1013605544,asdfac,rtyhrtyhrtyh,3100008009,rstu@gmail.com,1234dwqqerq,Visa,4595123132,desactivado
1013605545,adsfa,uikuikiu,3100008010,abcd@gmail.com,123dwqr235,Visa,4595123133,desactivado
1013605546,asdfac,sdfgsdfgs,3100008011,efgh@gmail.com,gtr1341235,Visa,4595123134,desactivado
1013605547,asdfadsf,sfg,3100008012,ijklm@gmail.com,feqreq41234124,Visa,4595123135,desactivado
1013605548,dfasdfa,sfdgsdfg,3100008013,mnopq@gmail.com,faerqer1324fq,Master,4595123136,desactivado
1013605549,asdasdsad,srtyiuytk,3100008014,rstu@gmail.com,q1fe4t15fqe,Dinner,4595123137,desactivado
1013605550,advadsfasdf,kuiktk,3100008015,abcd@gmail.com,123fqer143reqf,Visa,4595123138,desactivado
1013605551,asdfac,ryhrtyhrtyh,3100008016,efgh@gmail.com,13efqr135,Master,4595123139,desactivado
1013605552,adsfa,rtyhrtyhrtyh,3100008017,ijklm@gmail.com,fqer132rfeda,Dinner,4595123140,activo
1013605553,asdfac,uikuikiu,3100008018,mnopq@gmail.com,1234dwqqerq,Master,4595123141,activo
1013605554,asdfadsf,sdfgsdfgs,3100008019,rstu@gmail.com,123dwqr236,Visa,4595123142,activo
1013605555,dfasdfa,sfg,3100008020,abcd@gmail.com,gtr1341236,Master,4595123143,activo
1013605556,asdasdsad,sfdgsdfg,3100008021,efgh@gmail.com,feqreq41234125,Visa,4595123144,activo
1013605557,advadsfasdf,srtyiuytk,3100008022,ijklm@gmail.com,faerqer1324fq,Master,4595123145,activo
1013605558,asdfac,kuiktk,3100008023,mnopq@gmail.com,q1fe4t15fqe,Visa,4595123146,activo
1013605559,adsfa,ryhrtyhrtyh,3100008024,rstu@gmail.com,123fqer143reqf,Visa,4595123147,activo
1013605560,asdfac,rtyhrtyhrtyh,3100008025,abcd@gmail.com,13efqr136,Visa,4595123148,activo
1013605561,asdfadsf,uikuikiu,3100008026,efgh@gmail.com,fqer132rfeda,Visa,4595123149,activo
1013605562,dfasdfa,sdfgsdfgs,3100008027,ijklm@gmail.com,1234dwqqerq,Visa,4595123150,activo
1013605563,asdasdsad,sfg,3100008028,mnopq@gmail.com,123dwqr237,Master,4595123151,desactivado
1013605564,advadsfasdf,sfdgsdfg,3100008029,rstu@gmail.com,gtr1341237,Dinner,4595123152,desactivado
1013605565,asdfac,srtyiuytk,3100008030,abcd@gmail.com,feqreq41234126,Visa,4595123153,desactivado
1013605566,adsfa,kuiktk,3100008031,efgh@gmail.com,faerqer1324fq,Master,4595123154,activo
1013605567,asdfac,ryhrtyhrtyh,3100008032,ijklm@gmail.com,q1fe4t15fqe,Dinner,4595123155,activo
1013605568,asdfadsf,rtyhrtyhrtyh,3100008033,mnopq@gmail.com,123fqer143reqf,Master,4595123156,activo
1013605569,dfasdfa,uikuikiu,3100008034,rstu@gmail.com,13efqr137,Visa,4595123157,activo
1013605570,asdasdsad,sdfgsdfgs,3100008035,abcd@gmail.com,fqer132rfeda,Master,4595123158,activo
1013605571,advadsfasdf,sfg,3100008036,efgh@gmail.com,1234dwqqerq,Visa,4595123159,activo
1013605572,asdfac,sfdgsdfg,3100008037,ijklm@gmail.com,123dwqr238,Master,4595123160,activo
1013605573,adsfa,srtyiuytk,3100008038,mnopq@gmail.com,gtr1341238,Visa,4595123161,activo
1013605574,asdfac,kuiktk,3100008039,rstu@gmail.com,feqreq41234127,Visa,4595123162,activo
1013605575,asdfadsf,ryhrtyhrtyh,3100008040,abcd@gmail.com,faerqer1324fq,Visa,4595123163,activo
1013605576,dfasdfa,rtyhrtyhrtyh,3100008041,efgh@gmail.com,q1fe4t15fqe,Visa,4595123164,activo
1013605577,asdasdsad,uikuikiu,3100008042,ijklm@gmail.com,123fqer143reqf,Visa,4595123165,activo
1013605578,advadsfasdf,sdfgsdfgs,3100008043,mnopq@gmail.com,13efqr138,Master,4595123166,activo
1013605579,asdfac,sfg,3100008044,rstu@gmail.com,fqer132rfeda,Dinner,4595123167,activo
1013605580,adsfa,sfdgsdfg,3100008045,abcd@gmail.com,1234dwqqerq,Visa,4595123168,activo
1013605581,asdfac,srtyiuytk,3100008046,efgh@gmail.com,123dwqr239,Master,4595123169,activo
1013605582,asdfadsf,kuiktk,3100008047,ijklm@gmail.com,gtr1341239,Dinner,4595123170,activo
1013605583,dfasdfa,ryhrtyhrtyh,3100008048,mnopq@gmail.com,feqreq41234128,Master,4595123171,activo
1013605584,asdasdsad,rtyhrtyhrtyh,3100008049,rstu@gmail.com,faerqer1324fq,Visa,4595123172,activo
1013605585,advadsfasdf,uikuikiu,3100008050,abcd@gmail.com,q1fe4t15fqe,Master,4595123173,activo
1013605586,asdfac,sdfgsdfgs,3100008051,efgh@gmail.com,123fqer143reqf,Visa,4595123174,activo
1013605587,adsfa,sfg,3100008052,ijklm@gmail.com,13efqr139,Master,4595123175,activo
1013605588,asdfac,sfdgsdfg,3100008053,mnopq@gmail.com,fqer132rfeda,Visa,4595123176,activo
1013605589,asdfadsf,srtyiuytk,3100008054,rstu@gmail.com,1234dwqqerq,Visa,4595123177,activo
1013605590,dfasdfa,kuiktk,3100008055,abcd@gmail.com,123dwqr240,Visa,4595123178,activo
1013605591,asdasdsad,ryhrtyhrtyh,3100008056,efgh@gmail.com,gtr1341240,Visa,4595123179,activo
1013605592,advadsfasdf,rtyhrtyhrtyh,3100008057,ijklm@gmail.com,feqreq41234129,Visa,4595123180,activo
1013605593,asdfac,uikuikiu,3100008058,mnopq@gmail.com,faerqer1324fq,Master,4595123181,activo
1013605594,adsfa,sdfgsdfgs,3100008059,rstu@gmail.com,q1fe4t15fqe,Dinner,4595123182,activo
1013605595,asdfac,sfg,3100008060,abcd@gmail.com,123fqer143reqf,Visa,4595123183,activo
1013605596,asdfadsf,sfdgsdfg,3100008061,efgh@gmail.com,13efqr140,Master,4595123184,activo
1013605597,dfasdfa,srtyiuytk,3100008062,ijklm@gmail.com,fqer132rfeda,Dinner,4595123185,activo
1013605598,asdasdsad,kuiktk,3100008063,mnopq@gmail.com,1234dwqqerq,Master,4595123186,activo
1013605599,advadsfasdf,ryhrtyhrtyh,3100008064,rstu@gmail.com,123dwqr241,Visa,4595123187,activo
1013605600,asdfac,rtyhrtyhrtyh,3100008065,abcd@gmail.com,gtr1341241,Master,4595123188,activo
1013605601,adsfa,uikuikiu,3100008066,efgh@gmail.com,feqreq41234130,Visa,4595123189,activo
1013605602,asdfac,sdfgsdfgs,3100008067,ijklm@gmail.com,faerqer1324fq,Master,4595123190,activo
1013605603,asdfadsf,sfg,3100008068,mnopq@gmail.com,q1fe4t15fqe,Visa,4595123191,activo
1013605604,dfasdfa,sfdgsdfg,3100008069,rstu@gmail.com,123fqer143reqf,Visa,4595123192,activo
1013605605,asdasdsad,srtyiuytk,3100008070,abcd@gmail.com,13efqr141,Visa,4595123193,activo
1013605606,advadsfasdf,kuiktk,3100008071,efgh@gmail.com,fqer132rfeda,Visa,4595123194,activo
1013605607,asdfac,ryhrtyhrtyh,3100008072,ijklm@gmail.com,1234dwqqerq,Visa,4595123195,activo
1013605608,adsfa,rtyhrtyhrtyh,3100008073,mnopq@gmail.com,123dwqr242,Master,4595123196,activo
1013605609,asdfac,uikuikiu,3100008074,rstu@gmail.com,gtr1341242,Dinner,4595123197,activo
1013605610,asdfadsf,sdfgsdfgs,3100008075,abcd@gmail.com,feqreq41234131,Visa,4595123198,activo
1013605611,dfasdfa,sfg,3100008076,efgh@gmail.com,faerqer1324fq,Master,4595123199,activo
1013605612,asdasdsad,sfdgsdfg,3100008077,ijklm@gmail.com,q1fe4t15fqe,Dinner,4595123200,desactivado
1013605613,advadsfasdf,srtyiuytk,3100008078,mnopq@gmail.com,123fqer143reqf,Master,4595123201,desactivado
1013605614,asdfac,kuiktk,3100008079,rstu@gmail.com,13efqr142,Visa,4595123202,desactivado
1013605615,adsfa,ryhrtyhrtyh,3100008080,abcd@gmail.com,fqer132rfeda,Master,4595123203,desactivado
1013605616,asdfac,rtyhrtyhrtyh,3100008081,efgh@gmail.com,1234dwqqerq,Visa,4595123204,desactivado
1013605617,asdfadsf,uikuikiu,3100008082,ijklm@gmail.com,123dwqr243,Master,4595123205,desactivado
1013605618,dfasdfa,sdfgsdfgs,3100008083,mnopq@gmail.com,gtr1341243,Visa,4595123206,desactivado
1013605619,asdasdsad,sfg,3100008084,rstu@gmail.com,feqreq41234132,Visa,4595123207,desactivado
1013605620,advadsfasdf,sfdgsdfg,3100008085,abcd@gmail.com,faerqer1324fq,Visa,4595123208,desactivado
1013605621,asdfac,srtyiuytk,3100008086,efgh@gmail.com,q1fe4t15fqe,Visa,4595123209,desactivado
1013605622,adsfa,kuiktk,3100008087,ijklm@gmail.com,123fqer143reqf,Visa,4595123210,desactivado
1013605623,asdfac,ryhrtyhrtyh,3100008088,mnopq@gmail.com,13efqr143,Master,4595123211,desactivado
1013605624,asdfadsf,rtyhrtyhrtyh,3100008089,rstu@gmail.com,fqer132rfeda,Dinner,4595123212,desactivado
1013605625,dfasdfa,uikuikiu,3100008090,abcd@gmail.com,1234dwqqerq,Visa,4595123213,desactivado
1013605626,asdasdsad,sdfgsdfgs,3100008091,efgh@gmail.com,123dwqr244,Master,4595123214,desactivado
1013605627,advadsfasdf,sfg,3100008092,ijklm@gmail.com,gtr1341244,Dinner,4595123215,desactivado
1013605628,asdfac,sfdgsdfg,3100008093,mnopq@gmail.com,feqreq41234133,Master,4595123216,activo
1013605629,adsfa,srtyiuytk,3100008094,rstu@gmail.com,faerqer1324fq,Visa,4595123217,activo
1013605630,asdfac,kuiktk,3100008095,abcd@gmail.com,q1fe4t15fqe,Master,4595123218,activo
1013605631,asdfadsf,ryhrtyhrtyh,3100008096,efgh@gmail.com,123fqer143reqf,Visa,4595123219,activo
1013605632,dfasdfa,rtyhrtyhrtyh,3100008097,ijklm@gmail.com,13efqr144,Master,4595123220,activo
1013605633,asdasdsad,uikuikiu,3100008098,mnopq@gmail.com,fqer132rfeda,Visa,4595123221,activo
1013605634,advadsfasdf,sdfgsdfgs,3100008099,rstu@gmail.com,1234dwqqerq,Visa,4595123222,activo
1013605635,asdfac,sfg,3100008100,abcd@gmail.com,123dwqr245,Visa,4595123223,activo
1013605636,adsfa,sfdgsdfg,3100008101,efgh@gmail.com,gtr1341245,Visa,4595123224,activo
1013605637,asdfac,srtyiuytk,3100008102,ijklm@gmail.com,feqreq41234134,Visa,4595123225,activo
1013605638,asdfadsf,kuiktk,3100008103,mnopq@gmail.com,faerqer1324fq,Master,4595123226,activo
1013605639,dfasdfa,ryhrtyhrtyh,3100008104,rstu@gmail.com,q1fe4t15fqe,Dinner,4595123227,desactivado
1013605640,asdasdsad,rtyhrtyhrtyh,3100008105,abcd@gmail.com,123fqer143reqf,Visa,4595123228,desactivado
1013605641,advadsfasdf,uikuikiu,3100008106,efgh@gmail.com,13efqr145,Master,4595123229,desactivado
1013605642,asdfac,sdfgsdfgs,3100008107,ijklm@gmail.com,fqer132rfeda,Dinner,4595123230,activo
1013605643,adsfa,sfg,3100008108,mnopq@gmail.com,1234dwqqerq,Master,4595123231,activo
1013605644,asdfac,sfdgsdfg,3100008109,rstu@gmail.com,123dwqr246,Visa,4595123232,activo
1013605645,asdfadsf,srtyiuytk,3100008110,abcd@gmail.com,gtr1341246,Master,4595123233,activo
1013605646,dfasdfa,kuiktk,3100008111,efgh@gmail.com,feqreq41234135,Visa,4595123234,activo
1013605647,asdasdsad,ryhrtyhrtyh,3100008112,ijklm@gmail.com,faerqer1324fq,Master,4595123235,activo
1013605648,advadsfasdf,rtyhrtyhrtyh,3100008113,mnopq@gmail.com,q1fe4t15fqe,Visa,4595123236,activo
1013605649,asdfac,uikuikiu,3100008114,rstu@gmail.com,123fqer143reqf,Visa,4595123237,activo
1013605650,adsfa,sdfgsdfgs,3100008115,abcd@gmail.com,13efqr146,Visa,4595123238,activo
1013605651,asdfac,sfg,3100008116,efgh@gmail.com,fqer132rfeda,Visa,4595123239,activo
1013605652,asdfadsf,sfdgsdfg,3100008117,ijklm@gmail.com,1234dwqqerq,Visa,4595123240,activo
1013605653,dfasdfa,srtyiuytk,3100008118,mnopq@gmail.com,123dwqr247,Master,4595123241,activo
1013605654,asdasdsad,kuiktk,3100008119,rstu@gmail.com,gtr1341247,Dinner,4595123242,activo
1013605655,advadsfasdf,ryhrtyhrtyh,3100008120,abcd@gmail.com,feqreq41234136,Visa,4595123243,activo
1013605656,asdfac,rtyhrtyhrtyh,3100008121,efgh@gmail.com,faerqer1324fq,Master,4595123244,activo
1013605657,adsfa,uikuikiu,3100008122,ijklm@gmail.com,q1fe4t15fqe,Dinner,4595123245,activo
1013605658,asdfac,sdfgsdfgs,3100008123,mnopq@gmail.com,123fqer143reqf,Master,4595123246,activo
1013605659,asdfadsf,sfg,3100008124,rstu@gmail.com,13efqr147,Visa,4595123247,activo
1013605660,dfasdfa,sfdgsdfg,3100008125,abcd@gmail.com,fqer132rfeda,Master,4595123248,activo
1013605661,asdasdsad,srtyiuytk,3100008126,efgh@gmail.com,1234dwqqerq,Visa,4595123249,activo
1013605662,advadsfasdf,kuiktk,3100008127,ijklm@gmail.com,123dwqr248,Master,4595123250,activo
1013605663,asdfac,ryhrtyhrtyh,3100008128,mnopq@gmail.com,gtr1341248,Visa,4595123251,activo
1013605664,adsfa,rtyhrtyhrtyh,3100008129,rstu@gmail.com,feqreq41234137,Visa,4595123252,activo
1013605665,asdfac,uikuikiu,3100008130,abcd@gmail.com,faerqer1324fq,Visa,4595123253,activo
1013605666,asdfadsf,sdfgsdfgs,3100008131,efgh@gmail.com,q1fe4t15fqe,Visa,4595123254,activo
1013605667,dfasdfa,sfg,3100008132,ijklm@gmail.com,123fqer143reqf,Visa,4595123255,activo
1013605668,asdasdsad,sfdgsdfg,3100008133,mnopq@gmail.com,13efqr148,Master,4595123256,activo
1013605669,advadsfasdf,srtyiuytk,3100008134,rstu@gmail.com,fqer132rfeda,Dinner,4595123257,activo
1013605670,asdfac,kuiktk,3100008135,abcd@gmail.com,1234dwqqerq,Visa,4595123258,activo
1013605671,adsfa,ryhrtyhrtyh,3100008136,efgh@gmail.com,123dwqr249,Master,4595123259,activo
1013605672,asdfac,rtyhrtyhrtyh,3100008137,ijklm@gmail.com,gtr1341249,Dinner,4595123260,activo
1013605673,asdfadsf,uikuikiu,3100008138,mnopq@gmail.com,feqreq41234138,Master,4595123261,activo
1013605674,dfasdfa,sdfgsdfgs,3100008139,rstu@gmail.com,faerqer1324fq,Visa,4595123262,activo
1013605675,asdasdsad,sfg,3100008140,abcd@gmail.com,q1fe4t15fqe,Master,4595123263,activo
1013605676,advadsfasdf,sfdgsdfg,3100008141,efgh@gmail.com,123fqer143reqf,Visa,4595123264,activo
1013605677,asdfac,srtyiuytk,3100008142,ijklm@gmail.com,13efqr149,Master,4595123265,activo
1013605678,adsfa,kuiktk,3100008143,mnopq@gmail.com,fqer132rfeda,Visa,4595123266,activo
1013605679,asdfac,ryhrtyhrtyh,3100008144,rstu@gmail.com,1234dwqqerq,Visa,4595123267,activo
1013605680,asdfadsf,rtyhrtyhrtyh,3100008145,abcd@gmail.com,123dwqr250,Visa,4595123268,activo
1013605681,dfasdfa,uikuikiu,3100008146,efgh@gmail.com,gtr1341250,Visa,4595123269,activo
1013605682,asdasdsad,sdfgsdfgs,3100008147,ijklm@gmail.com,feqreq41234139,Visa,4595123270,activo
1013605683,advadsfasdf,sfg,3100008148,mnopq@gmail.com,faerqer1324fq,Master,4595123271,activo
1013605684,asdfac,sfdgsdfg,3100008149,rstu@gmail.com,q1fe4t15fqe,Dinner,4595123272,activo
1013605685,adsfa,srtyiuytk,3100008150,abcd@gmail.com,123fqer143reqf,Visa,4595123273,activo
1013605686,asdfac,kuiktk,3100008151,efgh@gmail.com,13efqr150,Master,4595123274,activo
1013605687,asdfadsf,ryhrtyhrtyh,3100008152,ijklm@gmail.com,fqer132rfeda,Dinner,4595123275,activo
1013605688,dfasdfa,rtyhrtyhrtyh,3100008153,mnopq@gmail.com,1234dwqqerq,Master,4595123276,desactivado
1013605689,asdasdsad,uikuikiu,3100008154,rstu@gmail.com,123dwqr251,Visa,4595123277,desactivado
1013605690,advadsfasdf,sdfgsdfgs,3100008155,abcd@gmail.com,gtr1341251,Master,4595123278,desactivado
1013605691,asdfac,sfg,3100008156,efgh@gmail.com,feqreq41234140,Visa,4595123279,desactivado
1013605692,adsfa,sfdgsdfg,3100008157,ijklm@gmail.com,faerqer1324fq,Master,4595123280,desactivado
1013605693,asdfac,srtyiuytk,3100008158,mnopq@gmail.com,q1fe4t15fqe,Visa,4595123281,desactivado
1013605694,asdfadsf,kuiktk,3100008159,rstu@gmail.com,123fqer143reqf,Visa,4595123282,desactivado
1013605695,dfasdfa,ryhrtyhrtyh,3100008160,abcd@gmail.com,13efqr151,Visa,4595123283,desactivado
1013605696,asdasdsad,rtyhrtyhrtyh,3100008161,efgh@gmail.com,fqer132rfeda,Visa,4595123284,desactivado
1013605697,advadsfasdf,uikuikiu,3100008162,ijklm@gmail.com,1234dwqqerq,Visa,4595123285,desactivado
1013605698,asdfac,sdfgsdfgs,3100008163,mnopq@gmail.com,123dwqr252,Master,4595123286,desactivado
1013605699,adsfa,sfg,3100008164,rstu@gmail.com,gtr1341252,Dinner,4595123287,desactivado
1013605700,asdfac,sfdgsdfg,3100008165,abcd@gmail.com,feqreq41234141,Visa,4595123288,desactivado
1013605701,asdfadsf,srtyiuytk,3100008166,efgh@gmail.com,faerqer1324fq,Master,4595123289,desactivado
1013605702,dfasdfa,kuiktk,3100008167,ijklm@gmail.com,q1fe4t15fqe,Dinner,4595123290,desactivado
1013605703,asdasdsad,ryhrtyhrtyh,3100008168,mnopq@gmail.com,123fqer143reqf,Master,4595123291,desactivado
1013605704,advadsfasdf,rtyhrtyhrtyh,3100008169,rstu@gmail.com,13efqr152,Visa,4595123292,activo
1013605705,asdfac,uikuikiu,3100008170,abcd@gmail.com,fqer132rfeda,Master,4595123293,activo
1013605706,adsfa,sdfgsdfgs,3100008171,efgh@gmail.com,1234dwqqerq,Visa,4595123294,activo
1013605707,asdfac,sfg,3100008172,ijklm@gmail.com,123dwqr253,Master,4595123295,activo
1013605708,asdfadsf,sfdgsdfg,3100008173,mnopq@gmail.com,gtr1341253,Visa,4595123296,activo
1013605709,dfasdfa,srtyiuytk,3100008174,rstu@gmail.com,feqreq41234142,Visa,4595123297,activo
1013605710,asdasdsad,kuiktk,3100008175,abcd@gmail.com,faerqer1324fq,Visa,4595123298,activo
1013605711,advadsfasdf,ryhrtyhrtyh,3100008176,efgh@gmail.com,q1fe4t15fqe,Visa,4595123299,activo
1013605712,asdfac,rtyhrtyhrtyh,3100008177,ijklm@gmail.com,123fqer143reqf,Visa,4595123300,activo
1013605713,adsfa,uikuikiu,3100008178,mnopq@gmail.com,13efqr153,Master,4595123301,activo
1013605714,asdfac,sdfgsdfgs,3100008179,rstu@gmail.com,fqer132rfeda,Dinner,4595123302,activo
1013605715,asdfadsf,sfg,3100008180,abcd@gmail.com,1234dwqqerq,Visa,4595123303,desactivado
1013605716,dfasdfa,sfdgsdfg,3100008181,efgh@gmail.com,123dwqr254,Master,4595123304,desactivado
1013605717,asdasdsad,srtyiuytk,3100008182,ijklm@gmail.com,gtr1341254,Dinner,4595123305,desactivado
1013605718,advadsfasdf,kuiktk,3100008183,mnopq@gmail.com,feqreq41234143,Master,4595123306,activo
1013605719,asdfac,ryhrtyhrtyh,3100008184,rstu@gmail.com,faerqer1324fq,Visa,4595123307,activo
1013605720,adsfa,rtyhrtyhrtyh,3100008185,abcd@gmail.com,q1fe4t15fqe,Master,4595123308,activo
1013605721,asdfac,uikuikiu,3100008186,efgh@gmail.com,123fqer143reqf,Visa,4595123309,activo
1013605722,asdfadsf,sdfgsdfgs,3100008187,ijklm@gmail.com,13efqr154,Master,4595123310,activo
1013605723,dfasdfa,sfg,3100008188,mnopq@gmail.com,fqer132rfeda,Visa,4595123311,activo
1013605724,asdasdsad,sfdgsdfg,3100008189,rstu@gmail.com,1234dwqqerq,Visa,4595123312,activo
1013605725,advadsfasdf,srtyiuytk,3100008190,abcd@gmail.com,123dwqr255,Visa,4595123313,activo
1013605726,asdfac,kuiktk,3100008191,efgh@gmail.com,gtr1341255,Visa,4595123314,activo
1013605727,adsfa,ryhrtyhrtyh,3100008192,ijklm@gmail.com,feqreq41234144,Visa,4595123315,activo
1013605728,asdfac,rtyhrtyhrtyh,3100008193,mnopq@gmail.com,faerqer1324fq,Master,4595123316,activo
1013605729,asdfadsf,uikuikiu,3100008194,rstu@gmail.com,q1fe4t15fqe,Dinner,4595123317,activo
1013605730,dfasdfa,sdfgsdfgs,3100008195,abcd@gmail.com,123fqer143reqf,Visa,4595123318,activo
1013605731,asdasdsad,sfg,3100008196,efgh@gmail.com,13efqr155,Master,4595123319,activo
1013605732,advadsfasdf,sfdgsdfg,3100008197,ijklm@gmail.com,fqer132rfeda,Dinner,4595123320,activo
1013605733,asdfac,srtyiuytk,3100008198,mnopq@gmail.com,1234dwqqerq,Master,4595123321,activo
1013605734,adsfa,kuiktk,3100008199,rstu@gmail.com,123dwqr256,Visa,4595123322,activo
1013605735,asdfac,ryhrtyhrtyh,3100008200,abcd@gmail.com,gtr1341256,Master,4595123323,activo
1013605736,asdfadsf,rtyhrtyhrtyh,3100008201,efgh@gmail.com,feqreq41234145,Visa,4595123324,activo
1013605737,dfasdfa,uikuikiu,3100008202,ijklm@gmail.com,faerqer1324fq,Master,4595123325,activo
1013605738,asdasdsad,sdfgsdfgs,3100008203,mnopq@gmail.com,q1fe4t15fqe,Visa,4595123326,activo
1013605739,advadsfasdf,sfg,3100008204,rstu@gmail.com,123fqer143reqf,Visa,4595123327,activo
1013605740,asdfac,sfdgsdfg,3100008205,abcd@gmail.com,13efqr156,Visa,4595123328,activo
1013605741,adsfa,srtyiuytk,3100008206,efgh@gmail.com,fqer132rfeda,Visa,4595123329,activo
1013605742,asdfac,kuiktk,3100008207,ijklm@gmail.com,1234dwqqerq,Visa,4595123330,activo
1013605743,asdfadsf,ryhrtyhrtyh,3100008208,mnopq@gmail.com,123dwqr257,Master,4595123331,activo
1013605744,dfasdfa,rtyhrtyhrtyh,3100008209,rstu@gmail.com,gtr1341257,Dinner,4595123332,activo
1013605745,asdasdsad,uikuikiu,3100008210,abcd@gmail.com,feqreq41234146,Visa,4595123333,activo
1013605746,advadsfasdf,sdfgsdfgs,3100008211,efgh@gmail.com,faerqer1324fq,Master,4595123334,activo
1013605747,asdfac,sfg,3100008212,ijklm@gmail.com,q1fe4t15fqe,Dinner,4595123335,activo
1013605748,adsfa,sfdgsdfg,3100008213,mnopq@gmail.com,123fqer143reqf,Master,4595123336,activo
1013605749,asdfac,srtyiuytk,3100008214,rstu@gmail.com,13efqr157,Visa,4595123337,activo
1013605750,asdfadsf,kuiktk,3100008215,abcd@gmail.com,fqer132rfeda,Master,4595123338,activo
1013605751,dfasdfa,ryhrtyhrtyh,3100008216,efgh@gmail.com,1234dwqqerq,Visa,4595123339,activo
1013605752,asdasdsad,rtyhrtyhrtyh,3100008217,ijklm@gmail.com,123dwqr258,Master,4595123340,activo
1013605753,advadsfasdf,uikuikiu,3100008218,mnopq@gmail.com,gtr1341258,Visa,4595123341,activo
1013605754,asdfac,sdfgsdfgs,3100008219,rstu@gmail.com,feqreq41234147,Visa,4595123342,activo
1013605755,adsfa,sfg,3100008220,abcd@gmail.com,faerqer1324fq,Visa,4595123343,activo
1013605756,asdfac,sfdgsdfg,3100008221,efgh@gmail.com,q1fe4t15fqe,Visa,4595123344,activo
1013605757,asdfadsf,srtyiuytk,3100008222,ijklm@gmail.com,123fqer143reqf,Visa,4595123345,activo
1013605758,dfasdfa,kuiktk,3100008223,mnopq@gmail.com,13efqr158,Master,4595123346,activo
1013605759,asdasdsad,ryhrtyhrtyh,3100008224,rstu@gmail.com,fqer132rfeda,Dinner,4595123347,activo
1013605760,advadsfasdf,rtyhrtyhrtyh,3100008225,abcd@gmail.com,1234dwqqerq,Visa,4595123348,activo
1013605761,asdfac,uikuikiu,3100008226,efgh@gmail.com,123dwqr259,Master,4595123349,activo
1013605762,adsfa,sdfgsdfgs,3100008227,ijklm@gmail.com,gtr1341259,Dinner,4595123350,activo
1013605763,asdfac,sfg,3100008228,mnopq@gmail.com,feqreq41234148,Master,4595123351,activo
1013605764,asdfadsf,sfdgsdfg,3100008229,rstu@gmail.com,faerqer1324fq,Visa,4595123352,desactivado
1013605765,dfasdfa,srtyiuytk,3100008230,abcd@gmail.com,q1fe4t15fqe,Master,4595123353,desactivado
1013605766,asdasdsad,kuiktk,3100008231,efgh@gmail.com,123fqer143reqf,Visa,4595123354,desactivado
1013605767,advadsfasdf,ryhrtyhrtyh,3100008232,ijklm@gmail.com,13efqr159,Master,4595123355,desactivado
1013605768,asdfac,rtyhrtyhrtyh,3100008233,mnopq@gmail.com,fqer132rfeda,Visa,4595123356,desactivado
1013605769,adsfa,uikuikiu,3100008234,rstu@gmail.com,1234dwqqerq,Visa,4595123357,desactivado
1013605770,asdfac,sdfgsdfgs,3100008235,abcd@gmail.com,123dwqr260,Visa,4595123358,desactivado
1013605771,asdfadsf,sfg,3100008236,efgh@gmail.com,gtr1341260,Visa,4595123359,desactivado
1013605772,dfasdfa,sfdgsdfg,3100008237,ijklm@gmail.com,feqreq41234149,Visa,4595123360,desactivado
1013605773,asdasdsad,srtyiuytk,3100008238,mnopq@gmail.com,faerqer1324fq,Master,4595123361,desactivado
1013605774,advadsfasdf,kuiktk,3100008239,rstu@gmail.com,q1fe4t15fqe,Dinner,4595123362,desactivado
1013605775,asdfac,ryhrtyhrtyh,3100008240,abcd@gmail.com,123fqer143reqf,Visa,4595123363,desactivado
1013605776,adsfa,rtyhrtyhrtyh,3100008241,efgh@gmail.com,13efqr160,Master,4595123364,desactivado
1013605777,asdfac,uikuikiu,3100008242,ijklm@gmail.com,fqer132rfeda,Dinner,4595123365,desactivado
1013605778,asdfadsf,sdfgsdfgs,3100008243,mnopq@gmail.com,1234dwqqerq,Master,4595123366,desactivado
1013605779,dfasdfa,sfg,3100008244,rstu@gmail.com,123dwqr261,Visa,4595123367,desactivado
1013605780,asdasdsad,sfdgsdfg,3100008245,abcd@gmail.com,gtr1341261,Master,4595123368,activo
1013605781,advadsfasdf,srtyiuytk,3100008246,efgh@gmail.com,feqreq41234150,Visa,4595123369,activo
1013605782,asdfac,kuiktk,3100008247,ijklm@gmail.com,faerqer1324fq,Master,4595123370,activo
1013605783,adsfa,ryhrtyhrtyh,3100008248,mnopq@gmail.com,q1fe4t15fqe,Visa,4595123371,activo
1013605784,asdfac,rtyhrtyhrtyh,3100008249,rstu@gmail.com,123fqer143reqf,Visa,4595123372,activo
1013605785,asdfadsf,uikuikiu,3100008250,abcd@gmail.com,13efqr161,Visa,4595123373,activo
1013605786,dfasdfa,sdfgsdfgs,3100008251,efgh@gmail.com,fqer132rfeda,Visa,4595123374,activo
1013605787,asdasdsad,sfg,3100008252,ijklm@gmail.com,1234dwqqerq,Visa,4595123375,activo
1013605788,advadsfasdf,sfdgsdfg,3100008253,mnopq@gmail.com,123dwqr262,Master,4595123376,activo
1013605789,asdfac,srtyiuytk,3100008254,rstu@gmail.com,gtr1341262,Dinner,4595123377,activo
1013605790,adsfa,kuiktk,3100008255,abcd@gmail.com,feqreq41234151,Visa,4595123378,activo
1013605791,asdfac,ryhrtyhrtyh,3100008256,efgh@gmail.com,faerqer1324fq,Master,4595123379,desactivado
1013605792,asdfadsf,rtyhrtyhrtyh,3100008257,ijklm@gmail.com,q1fe4t15fqe,Dinner,4595123380,desactivado
1013605793,dfasdfa,uikuikiu,3100008258,mnopq@gmail.com,123fqer143reqf,Master,4595123381,desactivado
1013605794,asdasdsad,sdfgsdfgs,3100008259,rstu@gmail.com,13efqr162,Visa,4595123382,activo
1013605795,advadsfasdf,sfg,3100008260,abcd@gmail.com,fqer132rfeda,Master,4595123383,activo
1013605796,asdfac,sfdgsdfg,3100008261,efgh@gmail.com,1234dwqqerq,Visa,4595123384,activo
1013605797,adsfa,srtyiuytk,3100008262,ijklm@gmail.com,123dwqr263,Master,4595123385,activo
1013605798,asdfac,kuiktk,3100008263,mnopq@gmail.com,gtr1341263,Visa,4595123386,activo
1013605799,asdfadsf,ryhrtyhrtyh,3100008264,rstu@gmail.com,feqreq41234152,Visa,4595123387,activo
1013605800,dfasdfa,rtyhrtyhrtyh,3100008265,abcd@gmail.com,faerqer1324fq,Visa,4595123388,activo
1013605801,asdasdsad,uikuikiu,3100008266,efgh@gmail.com,q1fe4t15fqe,Visa,4595123389,activo
1013605802,advadsfasdf,sdfgsdfgs,3100008267,ijklm@gmail.com,123fqer143reqf,Visa,4595123390,activo
1013605803,asdfac,sfg,3100008268,mnopq@gmail.com,13efqr163,Master,4595123391,activo
1013605804,adsfa,sfdgsdfg,3100008269,rstu@gmail.com,fqer132rfeda,Dinner,4595123392,activo
1013605805,asdfac,srtyiuytk,3100008270,abcd@gmail.com,1234dwqqerq,Visa,4595123393,activo
1013605806,asdfadsf,kuiktk,3100008271,efgh@gmail.com,123dwqr264,Master,4595123394,activo
1013605807,dfasdfa,ryhrtyhrtyh,3100008272,ijklm@gmail.com,gtr1341264,Dinner,4595123395,activo
1013605808,asdasdsad,rtyhrtyhrtyh,3100008273,mnopq@gmail.com,feqreq41234153,Master,4595123396,activo
1013605809,advadsfasdf,uikuikiu,3100008274,rstu@gmail.com,faerqer1324fq,Visa,4595123397,activo
1013605810,asdfac,sdfgsdfgs,3100008275,abcd@gmail.com,q1fe4t15fqe,Master,4595123398,activo
1013605811,adsfa,sfg,3100008276,efgh@gmail.com,123fqer143reqf,Visa,4595123399,activo
1013605812,asdfac,sfdgsdfg,3100008277,ijklm@gmail.com,13efqr164,Master,4595123400,activo
1013605813,asdfadsf,srtyiuytk,3100008278,mnopq@gmail.com,fqer132rfeda,Visa,4595123401,activo
1013605814,dfasdfa,kuiktk,3100008279,rstu@gmail.com,1234dwqqerq,Visa,4595123402,activo
1013605815,asdasdsad,ryhrtyhrtyh,3100008280,abcd@gmail.com,123dwqr265,Visa,4595123403,activo
1013605816,advadsfasdf,rtyhrtyhrtyh,3100008281,efgh@gmail.com,gtr1341265,Visa,4595123404,activo
1013605817,asdfac,uikuikiu,3100008282,ijklm@gmail.com,feqreq41234154,Visa,4595123405,activo
1013605818,adsfa,sdfgsdfgs,3100008283,mnopq@gmail.com,faerqer1324fq,Master,4595123406,activo
1013605819,asdfac,sfg,3100008284,rstu@gmail.com,q1fe4t15fqe,Dinner,4595123407,activo
1013605820,asdfadsf,sfdgsdfg,3100008285,abcd@gmail.com,123fqer143reqf,Visa,4595123408,activo
1013605821,dfasdfa,srtyiuytk,3100008286,efgh@gmail.com,13efqr165,Master,4595123409,activo
1013605822,asdasdsad,kuiktk,3100008287,ijklm@gmail.com,fqer132rfeda,Dinner,4595123410,activo
1013605823,advadsfasdf,ryhrtyhrtyh,3100008288,mnopq@gmail.com,1234dwqqerq,Master,4595123411,activo
1013605824,asdfac,rtyhrtyhrtyh,3100008289,rstu@gmail.com,123dwqr266,Visa,4595123412,activo
1013605825,adsfa,uikuikiu,3100008290,abcd@gmail.com,gtr1341266,Master,4595123413,activo
1013605826,asdfac,sdfgsdfgs,3100008291,efgh@gmail.com,feqreq41234155,Visa,4595123414,activo
1013605827,asdfadsf,sfg,3100008292,ijklm@gmail.com,faerqer1324fq,Master,4595123415,activo
1013605828,dfasdfa,sfdgsdfg,3100008293,mnopq@gmail.com,q1fe4t15fqe,Visa,4595123416,activo
1013605829,asdasdsad,srtyiuytk,3100008294,rstu@gmail.com,123fqer143reqf,Visa,4595123417,activo
1013605830,advadsfasdf,kuiktk,3100008295,abcd@gmail.com,13efqr166,Visa,4595123418,activo
1013605831,asdfac,ryhrtyhrtyh,3100008296,efgh@gmail.com,fqer132rfeda,Visa,4595123419,activo
1013605832,adsfa,rtyhrtyhrtyh,3100008297,ijklm@gmail.com,1234dwqqerq,Visa,4595123420,activo
1013605833,asdfac,uikuikiu,3100008298,mnopq@gmail.com,123dwqr267,Master,4595123421,activo
1013605834,asdfadsf,sdfgsdfgs,3100008299,rstu@gmail.com,gtr1341267,Dinner,4595123422,activo
1013605835,dfasdfa,sfg,3100008300,abcd@gmail.com,feqreq41234156,Visa,4595123423,activo
1013605836,asdasdsad,sfdgsdfg,3100008301,efgh@gmail.com,faerqer1324fq,Master,4595123424,activo
1013605837,advadsfasdf,srtyiuytk,3100008302,ijklm@gmail.com,q1fe4t15fqe,Dinner,4595123425,activo
1013605838,asdfac,kuiktk,3100008303,mnopq@gmail.com,123fqer143reqf,Master,4595123426,activo
1013605839,adsfa,ryhrtyhrtyh,3100008304,rstu@gmail.com,13efqr167,Visa,4595123427,activo
1013605840,asdfac,rtyhrtyhrtyh,3100008305,abcd@gmail.com,fqer132rfeda,Master,4595123428,desactivado
1013605841,asdfadsf,uikuikiu,3100008306,efgh@gmail.com,1234dwqqerq,Visa,4595123429,desactivado
1013605842,dfasdfa,sdfgsdfgs,3100008307,ijklm@gmail.com,123dwqr268,Master,4595123430,desactivado
1013605843,asdasdsad,sfg,3100008308,mnopq@gmail.com,gtr1341268,Visa,4595123431,desactivado
1013605844,advadsfasdf,sfdgsdfg,3100008309,rstu@gmail.com,feqreq41234157,Visa,4595123432,desactivado
1013605845,asdfac,srtyiuytk,3100008310,abcd@gmail.com,faerqer1324fq,Visa,4595123433,desactivado
1013605846,adsfa,kuiktk,3100008311,efgh@gmail.com,q1fe4t15fqe,Visa,4595123434,desactivado
1013605847,asdfac,ryhrtyhrtyh,3100008312,ijklm@gmail.com,123fqer143reqf,Visa,4595123435,desactivado
1013605848,asdfadsf,rtyhrtyhrtyh,3100008313,mnopq@gmail.com,13efqr168,Master,4595123436,desactivado
1013605849,dfasdfa,uikuikiu,3100008314,rstu@gmail.com,fqer132rfeda,Dinner,4595123437,desactivado
1013605850,asdasdsad,sdfgsdfgs,3100008315,abcd@gmail.com,1234dwqqerq,Visa,4595123438,desactivado
1013605851,advadsfasdf,sfg,3100008316,efgh@gmail.com,123dwqr269,Master,4595123439,desactivado
1013605852,asdfac,sfdgsdfg,3100008317,ijklm@gmail.com,gtr1341269,Dinner,4595123440,desactivado
1013605853,adsfa,srtyiuytk,3100008318,mnopq@gmail.com,feqreq41234158,Master,4595123441,desactivado
1013605854,asdfac,kuiktk,3100008319,rstu@gmail.com,faerqer1324fq,Visa,4595123442,desactivado
1013605855,asdfadsf,ryhrtyhrtyh,3100008320,abcd@gmail.com,q1fe4t15fqe,Master,4595123443,desactivado
1013605856,dfasdfa,rtyhrtyhrtyh,3100008321,efgh@gmail.com,123fqer143reqf,Visa,4595123444,activo
1013605857,asdasdsad,uikuikiu,3100008322,ijklm@gmail.com,13efqr169,Master,4595123445,activo
1013605858,advadsfasdf,sdfgsdfgs,3100008323,mnopq@gmail.com,fqer132rfeda,Visa,4595123446,activo
1013605859,asdfac,sfg,3100008324,rstu@gmail.com,1234dwqqerq,Visa,4595123447,activo
1013605860,adsfa,sfdgsdfg,3100008325,abcd@gmail.com,123dwqr270,Visa,4595123448,activo
1013605861,asdfac,srtyiuytk,3100008326,efgh@gmail.com,gtr1341270,Visa,4595123449,activo
1013605862,asdfadsf,kuiktk,3100008327,ijklm@gmail.com,feqreq41234159,Visa,4595123450,activo
1013605863,dfasdfa,ryhrtyhrtyh,3100008328,mnopq@gmail.com,faerqer1324fq,Master,4595123451,activo
1013605864,asdasdsad,rtyhrtyhrtyh,3100008329,rstu@gmail.com,q1fe4t15fqe,Dinner,4595123452,activo
1013605865,advadsfasdf,uikuikiu,3100008330,abcd@gmail.com,123fqer143reqf,Visa,4595123453,activo
1013605866,asdfac,sdfgsdfgs,3100008331,efgh@gmail.com,13efqr170,Master,4595123454,activo
1013605867,adsfa,sfg,3100008332,ijklm@gmail.com,fqer132rfeda,Dinner,4595123455,desactivado
1013605868,asdfac,sfdgsdfg,3100008333,mnopq@gmail.com,1234dwqqerq,Master,4595123456,desactivado
1013605869,asdfadsf,srtyiuytk,3100008334,rstu@gmail.com,123dwqr271,Visa,4595123457,desactivado
1013605870,dfasdfa,kuiktk,3100008335,abcd@gmail.com,gtr1341271,Master,4595123458,activo
1013605871,asdasdsad,ryhrtyhrtyh,3100008336,efgh@gmail.com,feqreq41234160,Visa,4595123459,activo
1013605872,advadsfasdf,rtyhrtyhrtyh,3100008337,ijklm@gmail.com,faerqer1324fq,Master,4595123460,activo
1013605873,asdfac,uikuikiu,3100008338,mnopq@gmail.com,q1fe4t15fqe,Visa,4595123461,activo
1013605874,adsfa,sdfgsdfgs,3100008339,rstu@gmail.com,123fqer143reqf,Visa,4595123462,activo
1013605875,asdfac,sfg,3100008340,abcd@gmail.com,13efqr171,Visa,4595123463,activo
1013605876,asdfadsf,sfdgsdfg,3100008341,efgh@gmail.com,fqer132rfeda,Visa,4595123464,activo
1013605877,dfasdfa,srtyiuytk,3100008342,ijklm@gmail.com,1234dwqqerq,Visa,4595123465,activo
1013605878,asdasdsad,kuiktk,3100008343,mnopq@gmail.com,123dwqr272,Master,4595123466,activo
1013605879,advadsfasdf,ryhrtyhrtyh,3100008344,rstu@gmail.com,gtr1341272,Dinner,4595123467,activo
1013605880,asdfac,rtyhrtyhrtyh,3100008345,abcd@gmail.com,feqreq41234161,Visa,4595123468,activo
1013605881,adsfa,uikuikiu,3100008346,efgh@gmail.com,faerqer1324fq,Master,4595123469,activo
1013605882,asdfac,sdfgsdfgs,3100008347,ijklm@gmail.com,q1fe4t15fqe,Dinner,4595123470,activo
1013605883,asdfadsf,sfg,3100008348,mnopq@gmail.com,123fqer143reqf,Master,4595123471,activo
1013605884,dfasdfa,sfdgsdfg,3100008349,rstu@gmail.com,13efqr172,Visa,4595123472,activo
1013605885,asdasdsad,srtyiuytk,3100008350,abcd@gmail.com,fqer132rfeda,Master,4595123473,activo
1013605886,advadsfasdf,kuiktk,3100008351,efgh@gmail.com,1234dwqqerq,Visa,4595123474,activo
1013605887,asdfac,ryhrtyhrtyh,3100008352,ijklm@gmail.com,123dwqr273,Master,4595123475,activo
1013605888,adsfa,rtyhrtyhrtyh,3100008353,mnopq@gmail.com,gtr1341273,Visa,4595123476,activo
1013605889,asdfac,uikuikiu,3100008354,rstu@gmail.com,feqreq41234162,Visa,4595123477,activo
1013605890,asdfadsf,sdfgsdfgs,3100008355,abcd@gmail.com,faerqer1324fq,Visa,4595123478,activo
1013605891,dfasdfa,sfg,3100008356,efgh@gmail.com,q1fe4t15fqe,Visa,4595123479,activo
1013605892,asdasdsad,sfdgsdfg,3100008357,ijklm@gmail.com,123fqer143reqf,Visa,4595123480,activo
1013605893,advadsfasdf,srtyiuytk,3100008358,mnopq@gmail.com,13efqr173,Master,4595123481,activo
1013605894,asdfac,kuiktk,3100008359,rstu@gmail.com,fqer132rfeda,Dinner,4595123482,activo
1013605895,adsfa,ryhrtyhrtyh,3100008360,abcd@gmail.com,1234dwqqerq,Visa,4595123483,activo
1013605896,asdfac,rtyhrtyhrtyh,3100008361,efgh@gmail.com,123dwqr274,Master,4595123484,activo
1013605897,asdfadsf,uikuikiu,3100008362,ijklm@gmail.com,gtr1341274,Dinner,4595123485,activo
1013605898,dfasdfa,sdfgsdfgs,3100008363,mnopq@gmail.com,feqreq41234163,Master,4595123486,activo
1013605899,asdasdsad,sfg,3100008364,rstu@gmail.com,faerqer1324fq,Visa,4595123487,activo
1013605900,advadsfasdf,sfdgsdfg,3100008365,abcd@gmail.com,q1fe4t15fqe,Master,4595123488,activo
1013605901,asdfac,srtyiuytk,3100008366,efgh@gmail.com,123fqer143reqf,Visa,4595123489,activo
1013605902,adsfa,kuiktk,3100008367,ijklm@gmail.com,13efqr174,Master,4595123490,activo
1013605903,asdfac,ryhrtyhrtyh,3100008368,mnopq@gmail.com,fqer132rfeda,Visa,4595123491,activo
1013605904,asdfadsf,rtyhrtyhrtyh,3100008369,rstu@gmail.com,1234dwqqerq,Visa,4595123492,activo
1013605905,dfasdfa,uikuikiu,3100008370,abcd@gmail.com,123dwqr275,Visa,4595123493,activo
1013605906,asdasdsad,sdfgsdfgs,3100008371,efgh@gmail.com,gtr1341275,Visa,4595123494,activo
1013605907,advadsfasdf,sfg,3100008372,ijklm@gmail.com,feqreq41234164,Visa,4595123495,activo
1013605908,asdfac,sfdgsdfg,3100008373,mnopq@gmail.com,faerqer1324fq,Master,4595123496,activo
1013605909,adsfa,srtyiuytk,3100008374,rstu@gmail.com,q1fe4t15fqe,Dinner,4595123497,activo
1013605910,asdfac,kuiktk,3100008375,abcd@gmail.com,123fqer143reqf,Visa,4595123498,activo
1013605911,asdfadsf,ryhrtyhrtyh,3100008376,efgh@gmail.com,13efqr175,Master,4595123499,activo
1013605912,dfasdfa,rtyhrtyhrtyh,3100008377,ijklm@gmail.com,fqer132rfeda,Dinner,4595123500,activo
1013605913,asdasdsad,uikuikiu,3100008378,mnopq@gmail.com,1234dwqqerq,Master,4595123501,activo
1013605914,advadsfasdf,sdfgsdfgs,3100008379,rstu@gmail.com,123dwqr276,Visa,4595123502,activo
1013605915,asdfac,sfg,3100008380,abcd@gmail.com,gtr1341276,Master,4595123503,activo
1013605916,adsfa,sfdgsdfg,3100008381,efgh@gmail.com,feqreq41234165,Visa,4595123504,desactivado
1013605917,asdfac,srtyiuytk,3100008382,ijklm@gmail.com,faerqer1324fq,Master,4595123505,desactivado
1013605918,asdfadsf,kuiktk,3100008383,mnopq@gmail.com,q1fe4t15fqe,Visa,4595123506,desactivado
1013605919,dfasdfa,ryhrtyhrtyh,3100008384,rstu@gmail.com,123fqer143reqf,Visa,4595123507,desactivado
1013605920,asdasdsad,rtyhrtyhrtyh,3100008385,abcd@gmail.com,13efqr176,Visa,4595123508,desactivado
1013605921,advadsfasdf,uikuikiu,3100008386,efgh@gmail.com,fqer132rfeda,Visa,4595123509,desactivado
1013605922,asdfac,sdfgsdfgs,3100008387,ijklm@gmail.com,1234dwqqerq,Visa,4595123510,desactivado
1013605923,adsfa,sfg,3100008388,mnopq@gmail.com,123dwqr277,Master,4595123511,desactivado
1013605924,asdfac,sfdgsdfg,3100008389,rstu@gmail.com,gtr1341277,Dinner,4595123512,desactivado
1013605925,asdfadsf,srtyiuytk,3100008390,abcd@gmail.com,feqreq41234166,Visa,4595123513,desactivado
1013605926,dfasdfa,kuiktk,3100008391,efgh@gmail.com,faerqer1324fq,Master,4595123514,desactivado
1013605927,asdasdsad,ryhrtyhrtyh,3100008392,ijklm@gmail.com,q1fe4t15fqe,Dinner,4595123515,desactivado
1013605928,advadsfasdf,rtyhrtyhrtyh,3100008393,mnopq@gmail.com,123fqer143reqf,Master,4595123516,desactivado
1013605929,asdfac,uikuikiu,3100008394,rstu@gmail.com,13efqr177,Visa,4595123517,desactivado
1013605930,adsfa,sdfgsdfgs,3100008395,abcd@gmail.com,fqer132rfeda,Master,4595123518,desactivado
1013605931,asdfac,sfg,3100008396,efgh@gmail.com,1234dwqqerq,Visa,4595123519,desactivado
1013605932,asdfadsf,sfdgsdfg,3100008397,ijklm@gmail.com,123dwqr278,Master,4595123520,activo
1013605933,dfasdfa,srtyiuytk,3100008398,mnopq@gmail.com,gtr1341278,Visa,4595123521,activo
1013605934,asdasdsad,kuiktk,3100008399,rstu@gmail.com,feqreq41234167,Visa,4595123522,activo
1013605935,advadsfasdf,ryhrtyhrtyh,3100008400,abcd@gmail.com,faerqer1324fq,Visa,4595123523,activo
1013605936,asdfac,rtyhrtyhrtyh,3100008401,efgh@gmail.com,q1fe4t15fqe,Visa,4595123524,activo
1013605937,adsfa,uikuikiu,3100008402,ijklm@gmail.com,123fqer143reqf,Visa,4595123525,activo
1013605938,asdfac,sdfgsdfgs,3100008403,mnopq@gmail.com,13efqr178,Master,4595123526,activo
1013605939,asdfadsf,sfg,3100008404,rstu@gmail.com,fqer132rfeda,Dinner,4595123527,activo
1013605940,dfasdfa,sfdgsdfg,3100008405,abcd@gmail.com,1234dwqqerq,Visa,4595123528,activo
1013605941,asdasdsad,srtyiuytk,3100008406,efgh@gmail.com,123dwqr279,Master,4595123529,activo
1013605942,advadsfasdf,kuiktk,3100008407,ijklm@gmail.com,gtr1341279,Dinner,4595123530,activo
1013605943,asdfac,ryhrtyhrtyh,3100008408,mnopq@gmail.com,feqreq41234168,Master,4595123531,desactivado
1013605944,adsfa,rtyhrtyhrtyh,3100008409,rstu@gmail.com,faerqer1324fq,Visa,4595123532,desactivado
1013605945,asdfac,uikuikiu,3100008410,abcd@gmail.com,q1fe4t15fqe,Master,4595123533,desactivado
1013605946,asdfadsf,sdfgsdfgs,3100008411,efgh@gmail.com,123fqer143reqf,Visa,4595123534,activo
1013605947,dfasdfa,sfg,3100008412,ijklm@gmail.com,13efqr179,Master,4595123535,activo
1013605948,asdasdsad,sfdgsdfg,3100008413,mnopq@gmail.com,fqer132rfeda,Visa,4595123536,activo
1013605949,advadsfasdf,srtyiuytk,3100008414,rstu@gmail.com,1234dwqqerq,Visa,4595123537,activo
1013605950,asdfac,kuiktk,3100008415,abcd@gmail.com,123dwqr280,Visa,4595123538,activo
1013605951,adsfa,ryhrtyhrtyh,3100008416,efgh@gmail.com,gtr1341280,Visa,4595123539,activo
1013605952,asdfac,rtyhrtyhrtyh,3100008417,ijklm@gmail.com,feqreq41234169,Visa,4595123540,activo
1013605953,asdfadsf,uikuikiu,3100008418,mnopq@gmail.com,faerqer1324fq,Master,4595123541,activo
1013605954,dfasdfa,sdfgsdfgs,3100008419,rstu@gmail.com,q1fe4t15fqe,Dinner,4595123542,activo
1013605955,asdasdsad,sfg,3100008420,abcd@gmail.com,123fqer143reqf,Visa,4595123543,activo
1013605956,advadsfasdf,sfdgsdfg,3100008421,efgh@gmail.com,13efqr180,Master,4595123544,activo
1013605957,asdfac,srtyiuytk,3100008422,ijklm@gmail.com,fqer132rfeda,Dinner,4595123545,activo
1013605958,adsfa,kuiktk,3100008423,mnopq@gmail.com,1234dwqqerq,Master,4595123546,activo
1013605959,asdfac,ryhrtyhrtyh,3100008424,rstu@gmail.com,123dwqr281,Visa,4595123547,activo
1013605960,asdfadsf,rtyhrtyhrtyh,3100008425,abcd@gmail.com,gtr1341281,Master,4595123548,activo
1013605961,dfasdfa,uikuikiu,3100008426,efgh@gmail.com,feqreq41234170,Visa,4595123549,activo
1013605962,asdasdsad,sdfgsdfgs,3100008427,ijklm@gmail.com,faerqer1324fq,Master,4595123550,activo
1013605963,advadsfasdf,sfg,3100008428,mnopq@gmail.com,q1fe4t15fqe,Visa,4595123551,activo
1013605964,asdfac,sfdgsdfg,3100008429,rstu@gmail.com,123fqer143reqf,Visa,4595123552,activo
1013605965,adsfa,srtyiuytk,3100008430,abcd@gmail.com,13efqr181,Visa,4595123553,activo
1013605966,asdfac,kuiktk,3100008431,efgh@gmail.com,fqer132rfeda,Visa,4595123554,activo
1013605967,asdfadsf,ryhrtyhrtyh,3100008432,ijklm@gmail.com,1234dwqqerq,Visa,4595123555,activo
1013605968,dfasdfa,rtyhrtyhrtyh,3100008433,mnopq@gmail.com,123dwqr282,Master,4595123556,activo
1013605969,asdasdsad,uikuikiu,3100008434,rstu@gmail.com,gtr1341282,Dinner,4595123557,activo
1013605970,advadsfasdf,sdfgsdfgs,3100008435,abcd@gmail.com,feqreq41234171,Visa,4595123558,activo
1013605971,asdfac,sfg,3100008436,efgh@gmail.com,faerqer1324fq,Master,4595123559,activo
1013605972,adsfa,sfdgsdfg,3100008437,ijklm@gmail.com,q1fe4t15fqe,Dinner,4595123560,activo
1013605973,asdfac,srtyiuytk,3100008438,mnopq@gmail.com,123fqer143reqf,Master,4595123561,activo
1013605974,asdfadsf,kuiktk,3100008439,rstu@gmail.com,13efqr182,Visa,4595123562,activo
1013605975,dfasdfa,ryhrtyhrtyh,3100008440,abcd@gmail.com,fqer132rfeda,Master,4595123563,activo
1013605976,asdasdsad,rtyhrtyhrtyh,3100008441,efgh@gmail.com,1234dwqqerq,Visa,4595123564,activo
1013605977,advadsfasdf,uikuikiu,3100008442,ijklm@gmail.com,123dwqr283,Master,4595123565,activo
1013605978,asdfac,sdfgsdfgs,3100008443,mnopq@gmail.com,gtr1341283,Visa,4595123566,activo
1013605979,adsfa,sfg,3100008444,rstu@gmail.com,feqreq41234172,Visa,4595123567,activo
1013605980,asdfac,sfdgsdfg,3100008445,abcd@gmail.com,faerqer1324fq,Visa,4595123568,activo
1013605981,asdfadsf,srtyiuytk,3100008446,efgh@gmail.com,q1fe4t15fqe,Visa,4595123569,activo
1013605982,dfasdfa,kuiktk,3100008447,ijklm@gmail.com,123fqer143reqf,Visa,4595123570,activo
1013605983,asdasdsad,ryhrtyhrtyh,3100008448,mnopq@gmail.com,13efqr183,Master,4595123571,activo
1013605984,advadsfasdf,rtyhrtyhrtyh,3100008449,rstu@gmail.com,fqer132rfeda,Dinner,4595123572,activo
1013605985,asdfac,uikuikiu,3100008450,abcd@gmail.com,1234dwqqerq,Visa,4595123573,activo
1013605986,adsfa,sdfgsdfgs,3100008451,efgh@gmail.com,123dwqr284,Master,4595123574,activo
1013605987,asdfac,sfg,3100008452,ijklm@gmail.com,gtr1341284,Dinner,4595123575,activo
1013605988,asdfadsf,sfdgsdfg,3100008453,mnopq@gmail.com,feqreq41234173,Master,4595123576,activo
1013605989,dfasdfa,srtyiuytk,3100008454,rstu@gmail.com,faerqer1324fq,Visa,4595123577,activo
1013605990,asdasdsad,kuiktk,3100008455,abcd@gmail.com,q1fe4t15fqe,Master,4595123578,activo
1013605991,advadsfasdf,ryhrtyhrtyh,3100008456,efgh@gmail.com,123fqer143reqf,Visa,4595123579,activo
1013605992,asdfac,rtyhrtyhrtyh,3100008457,ijklm@gmail.com,13efqr184,Master,4595123580,desactivado
1013605993,adsfa,uikuikiu,3100008458,mnopq@gmail.com,fqer132rfeda,Visa,4595123581,desactivado
1013605994,asdfac,sdfgsdfgs,3100008459,rstu@gmail.com,1234dwqqerq,Visa,4595123582,desactivado
1013605995,asdfadsf,sfg,3100008460,abcd@gmail.com,123dwqr285,Visa,4595123583,desactivado
1013605996,dfasdfa,sfdgsdfg,3100008461,efgh@gmail.com,gtr1341285,Visa,4595123584,desactivado
1013605997,asdasdsad,srtyiuytk,3100008462,ijklm@gmail.com,feqreq41234174,Visa,4595123585,desactivado
1013605998,advadsfasdf,kuiktk,3100008463,mnopq@gmail.com,faerqer1324fq,Master,4595123586,desactivado
1013605999,asdfac,ryhrtyhrtyh,3100008464,rstu@gmail.com,q1fe4t15fqe,Dinner,4595123587,desactivado
1013606000,adsfa,rtyhrtyhrtyh,3100008465,abcd@gmail.com,123fqer143reqf,Visa,4595123588,desactivado
1013606001,asdfac,uikuikiu,3100008466,efgh@gmail.com,13efqr185,Master,4595123589,desactivado
1013606002,asdfadsf,sdfgsdfgs,3100008467,ijklm@gmail.com,fqer132rfeda,Dinner,4595123590,desactivado
1013606003,dfasdfa,sfg,3100008468,mnopq@gmail.com,1234dwqqerq,Master,4595123591,desactivado
1013606004,asdasdsad,sfdgsdfg,3100008469,rstu@gmail.com,123dwqr286,Visa,4595123592,desactivado
1013606005,advadsfasdf,srtyiuytk,3100008470,abcd@gmail.com,gtr1341286,Master,4595123593,desactivado
1013606006,asdfac,kuiktk,3100008471,efgh@gmail.com,feqreq41234175,Visa,4595123594,desactivado
1013606007,adsfa,ryhrtyhrtyh,3100008472,ijklm@gmail.com,faerqer1324fq,Master,4595123595,desactivado
1013606008,asdfac,rtyhrtyhrtyh,3100008473,mnopq@gmail.com,q1fe4t15fqe,Visa,4595123596,activo
1013606009,asdfadsf,uikuikiu,3100008474,rstu@gmail.com,123fqer143reqf,Visa,4595123597,activo
1013606010,dfasdfa,sdfgsdfgs,3100008475,abcd@gmail.com,13efqr186,Visa,4595123598,activo
1013606011,asdasdsad,sfg,3100008476,efgh@gmail.com,fqer132rfeda,Visa,4595123599,activo
1013606012,advadsfasdf,sfdgsdfg,3100008477,ijklm@gmail.com,1234dwqqerq,Visa,4595123600,activo
1013606013,asdfac,srtyiuytk,3100008478,mnopq@gmail.com,123dwqr287,Master,4595123601,activo
1013606014,adsfa,kuiktk,3100008479,rstu@gmail.com,gtr1341287,Dinner,4595123602,activo
1013606015,asdfac,ryhrtyhrtyh,3100008480,abcd@gmail.com,feqreq41234176,Visa,4595123603,activo
1013606016,asdfadsf,rtyhrtyhrtyh,3100008481,efgh@gmail.com,faerqer1324fq,Master,4595123604,activo
1013606017,dfasdfa,uikuikiu,3100008482,ijklm@gmail.com,q1fe4t15fqe,Dinner,4595123605,activo
1013606018,asdasdsad,sdfgsdfgs,3100008483,mnopq@gmail.com,123fqer143reqf,Master,4595123606,activo
1013606019,advadsfasdf,sfg,3100008484,rstu@gmail.com,13efqr187,Visa,4595123607,desactivado
1013606020,asdfac,sfdgsdfg,3100008485,abcd@gmail.com,fqer132rfeda,Master,4595123608,desactivado
1013606021,adsfa,srtyiuytk,3100008486,efgh@gmail.com,1234dwqqerq,Visa,4595123609,desactivado
1013606022,asdfac,kuiktk,3100008487,ijklm@gmail.com,123dwqr288,Master,4595123610,activo
1013606023,asdfadsf,ryhrtyhrtyh,3100008488,mnopq@gmail.com,gtr1341288,Visa,4595123611,activo
1013606024,dfasdfa,rtyhrtyhrtyh,3100008489,rstu@gmail.com,feqreq41234177,Visa,4595123612,activo
1013606025,asdasdsad,uikuikiu,3100008490,abcd@gmail.com,faerqer1324fq,Visa,4595123613,activo
1013606026,advadsfasdf,sdfgsdfgs,3100008491,efgh@gmail.com,q1fe4t15fqe,Visa,4595123614,activo
1013606027,asdfac,sfg,3100008492,ijklm@gmail.com,123fqer143reqf,Visa,4595123615,activo
1013606028,adsfa,sfdgsdfg,3100008493,mnopq@gmail.com,13efqr188,Master,4595123616,activo
1013606029,asdfac,srtyiuytk,3100008494,rstu@gmail.com,fqer132rfeda,Dinner,4595123617,activo
1013606030,asdfadsf,kuiktk,3100008495,abcd@gmail.com,1234dwqqerq,Visa,4595123618,activo
1013606031,dfasdfa,ryhrtyhrtyh,3100008496,efgh@gmail.com,123dwqr289,Master,4595123619,activo
1013606032,asdasdsad,rtyhrtyhrtyh,3100008497,ijklm@gmail.com,gtr1341289,Dinner,4595123620,activo
1013606033,advadsfasdf,uikuikiu,3100008498,mnopq@gmail.com,feqreq41234178,Master,4595123621,activo
1013606034,asdfac,sdfgsdfgs,3100008499,rstu@gmail.com,faerqer1324fq,Visa,4595123622,activo
1013606035,adsfa,sfg,3100008500,abcd@gmail.com,q1fe4t15fqe,Master,4595123623,activo
1013606036,asdfac,sfdgsdfg,3100008501,efgh@gmail.com,123fqer143reqf,Visa,4595123624,activo
1013606037,asdfadsf,srtyiuytk,3100008502,ijklm@gmail.com,13efqr189,Master,4595123625,activo
1013606038,dfasdfa,kuiktk,3100008503,mnopq@gmail.com,fqer132rfeda,Visa,4595123626,activo
1013606039,asdasdsad,ryhrtyhrtyh,3100008504,rstu@gmail.com,1234dwqqerq,Visa,4595123627,activo
1013606040,advadsfasdf,rtyhrtyhrtyh,3100008505,abcd@gmail.com,123dwqr290,Visa,4595123628,activo
1013606041,asdfac,uikuikiu,3100008506,efgh@gmail.com,gtr1341290,Visa,4595123629,activo
1013606042,adsfa,sdfgsdfgs,3100008507,ijklm@gmail.com,feqreq41234179,Visa,4595123630,activo
1013606043,asdfac,sfg,3100008508,mnopq@gmail.com,faerqer1324fq,Master,4595123631,activo
1013606044,asdfadsf,sfdgsdfg,3100008509,rstu@gmail.com,q1fe4t15fqe,Dinner,4595123632,activo
1013606045,dfasdfa,srtyiuytk,3100008510,abcd@gmail.com,123fqer143reqf,Visa,4595123633,activo
1013606046,asdasdsad,kuiktk,3100008511,efgh@gmail.com,13efqr190,Master,4595123634,activo
1013606047,advadsfasdf,ryhrtyhrtyh,3100008512,ijklm@gmail.com,fqer132rfeda,Dinner,4595123635,activo
1013606048,asdfac,rtyhrtyhrtyh,3100008513,mnopq@gmail.com,1234dwqqerq,Master,4595123636,activo
1013606049,adsfa,uikuikiu,3100008514,rstu@gmail.com,123dwqr291,Visa,4595123637,activo
1013606050,asdfac,sdfgsdfgs,3100008515,abcd@gmail.com,gtr1341291,Master,4595123638,activo
1013606051,asdfadsf,sfg,3100008516,efgh@gmail.com,feqreq41234180,Visa,4595123639,activo
1013606052,dfasdfa,sfdgsdfg,3100008517,ijklm@gmail.com,faerqer1324fq,Master,4595123640,activo
1013606053,asdasdsad,srtyiuytk,3100008518,mnopq@gmail.com,q1fe4t15fqe,Visa,4595123641,activo
1013606054,advadsfasdf,kuiktk,3100008519,rstu@gmail.com,123fqer143reqf,Visa,4595123642,activo
1013606055,asdfac,ryhrtyhrtyh,3100008520,abcd@gmail.com,13efqr191,Visa,4595123643,activo
1013606056,adsfa,rtyhrtyhrtyh,3100008521,efgh@gmail.com,fqer132rfeda,Visa,4595123644,activo
1013606057,asdfac,uikuikiu,3100008522,ijklm@gmail.com,1234dwqqerq,Visa,4595123645,activo
1013606058,asdfadsf,sdfgsdfgs,3100008523,mnopq@gmail.com,123dwqr292,Master,4595123646,activo
1013606059,dfasdfa,sfg,3100008524,rstu@gmail.com,gtr1341292,Dinner,4595123647,activo
1013606060,asdasdsad,sfdgsdfg,3100008525,abcd@gmail.com,feqreq41234181,Visa,4595123648,activo
1013606061,advadsfasdf,srtyiuytk,3100008526,efgh@gmail.com,faerqer1324fq,Master,4595123649,activo
1013606062,asdfac,kuiktk,3100008527,ijklm@gmail.com,q1fe4t15fqe,Dinner,4595123650,activo
1013606063,adsfa,ryhrtyhrtyh,3100008528,mnopq@gmail.com,123fqer143reqf,Master,4595123651,activo
1013606064,asdfac,rtyhrtyhrtyh,3100008529,rstu@gmail.com,13efqr192,Visa,4595123652,activo
1013606065,asdfadsf,uikuikiu,3100008530,abcd@gmail.com,fqer132rfeda,Master,4595123653,activo
1013606066,dfasdfa,sdfgsdfgs,3100008531,efgh@gmail.com,1234dwqqerq,Visa,4595123654,activo
1013606067,asdasdsad,sfg,3100008532,ijklm@gmail.com,123dwqr293,Master,4595123655,activo
1013606068,advadsfasdf,sfdgsdfg,3100008533,mnopq@gmail.com,gtr1341293,Visa,4595123656,desactivado
1013606069,asdfac,srtyiuytk,3100008534,rstu@gmail.com,feqreq41234182,Visa,4595123657,desactivado
1013606070,adsfa,kuiktk,3100008535,abcd@gmail.com,faerqer1324fq,Visa,4595123658,desactivado
1013606071,asdfac,ryhrtyhrtyh,3100008536,efgh@gmail.com,q1fe4t15fqe,Visa,4595123659,desactivado
1013606072,asdfadsf,rtyhrtyhrtyh,3100008537,ijklm@gmail.com,123fqer143reqf,Visa,4595123660,desactivado
1013606073,dfasdfa,uikuikiu,3100008538,mnopq@gmail.com,13efqr193,Master,4595123661,desactivado
1013606074,asdasdsad,sdfgsdfgs,3100008539,rstu@gmail.com,fqer132rfeda,Dinner,4595123662,desactivado
1013606075,advadsfasdf,sfg,3100008540,abcd@gmail.com,1234dwqqerq,Visa,4595123663,desactivado
1013606076,asdfac,sfdgsdfg,3100008541,efgh@gmail.com,123dwqr294,Master,4595123664,desactivado
1013606077,adsfa,srtyiuytk,3100008542,ijklm@gmail.com,gtr1341294,Dinner,4595123665,desactivado
1013606078,asdfac,kuiktk,3100008543,mnopq@gmail.com,feqreq41234183,Master,4595123666,desactivado
1013606079,asdfadsf,ryhrtyhrtyh,3100008544,rstu@gmail.com,faerqer1324fq,Visa,4595123667,desactivado
1013606080,dfasdfa,rtyhrtyhrtyh,3100008545,abcd@gmail.com,q1fe4t15fqe,Master,4595123668,desactivado
1013606081,asdasdsad,uikuikiu,3100008546,efgh@gmail.com,123fqer143reqf,Visa,4595123669,desactivado
1013606082,advadsfasdf,sdfgsdfgs,3100008547,ijklm@gmail.com,13efqr194,Master,4595123670,desactivado
1013606083,asdfac,sfg,3100008548,mnopq@gmail.com,fqer132rfeda,Visa,4595123671,desactivado
1013606084,adsfa,sfdgsdfg,3100008549,rstu@gmail.com,1234dwqqerq,Visa,4595123672,activo
1013606085,asdfac,srtyiuytk,3100008550,abcd@gmail.com,123dwqr295,Visa,4595123673,activo
1013606086,asdfadsf,kuiktk,3100008551,efgh@gmail.com,gtr1341295,Visa,4595123674,activo
1013606087,dfasdfa,ryhrtyhrtyh,3100008552,ijklm@gmail.com,feqreq41234184,Visa,4595123675,activo
1013606088,asdasdsad,rtyhrtyhrtyh,3100008553,mnopq@gmail.com,faerqer1324fq,Master,4595123676,activo
1013606089,advadsfasdf,uikuikiu,3100008554,rstu@gmail.com,q1fe4t15fqe,Dinner,4595123677,activo
1013606090,asdfac,sdfgsdfgs,3100008555,abcd@gmail.com,123fqer143reqf,Visa,4595123678,activo
1013606091,adsfa,sfg,3100008556,efgh@gmail.com,13efqr195,Master,4595123679,activo
1013606092,asdfac,sfdgsdfg,3100008557,ijklm@gmail.com,fqer132rfeda,Dinner,4595123680,activo
1013606093,asdfadsf,srtyiuytk,3100008558,mnopq@gmail.com,1234dwqqerq,Master,4595123681,activo
1013606094,dfasdfa,kuiktk,3100008559,rstu@gmail.com,123dwqr296,Visa,4595123682,activo
1013606095,asdasdsad,ryhrtyhrtyh,3100008560,abcd@gmail.com,gtr1341296,Master,4595123683,desactivado
1013606096,advadsfasdf,rtyhrtyhrtyh,3100008561,efgh@gmail.com,feqreq41234185,Visa,4595123684,desactivado
1013606097,asdfac,uikuikiu,3100008562,ijklm@gmail.com,faerqer1324fq,Master,4595123685,desactivado
1013606098,adsfa,sdfgsdfgs,3100008563,mnopq@gmail.com,q1fe4t15fqe,Visa,4595123686,activo
1013606099,asdfac,sfg,3100008564,rstu@gmail.com,123fqer143reqf,Visa,4595123687,activo
1013606100,asdfadsf,sfdgsdfg,3100008565,abcd@gmail.com,13efqr196,Visa,4595123688,activo
1013606101,dfasdfa,srtyiuytk,3100008566,efgh@gmail.com,fqer132rfeda,Visa,4595123689,activo
1013606102,asdasdsad,kuiktk,3100008567,ijklm@gmail.com,1234dwqqerq,Visa,4595123690,activo
1013606103,advadsfasdf,ryhrtyhrtyh,3100008568,mnopq@gmail.com,123dwqr297,Master,4595123691,activo
1013606104,asdfac,rtyhrtyhrtyh,3100008569,rstu@gmail.com,gtr1341297,Dinner,4595123692,activo
1013606105,adsfa,uikuikiu,3100008570,abcd@gmail.com,feqreq41234186,Visa,4595123693,activo
1013606106,asdfac,sdfgsdfgs,3100008571,efgh@gmail.com,faerqer1324fq,Master,4595123694,activo
1013606107,asdfadsf,sfg,3100008572,ijklm@gmail.com,q1fe4t15fqe,Dinner,4595123695,activo
1013606108,dfasdfa,sfdgsdfg,3100008573,mnopq@gmail.com,123fqer143reqf,Master,4595123696,activo
1013606109,asdasdsad,srtyiuytk,3100008574,rstu@gmail.com,13efqr197,Visa,4595123697,activo
1013606110,advadsfasdf,kuiktk,3100008575,abcd@gmail.com,fqer132rfeda,Master,4595123698,activo
1013606111,asdfac,ryhrtyhrtyh,3100008576,efgh@gmail.com,1234dwqqerq,Visa,4595123699,activo
1013606112,adsfa,rtyhrtyhrtyh,3100008577,ijklm@gmail.com,123dwqr298,Master,4595123700,activo
1013606113,asdfac,uikuikiu,3100008578,mnopq@gmail.com,gtr1341298,Visa,4595123701,activo
1013606114,asdfadsf,sdfgsdfgs,3100008579,rstu@gmail.com,feqreq41234187,Visa,4595123702,activo
1013606115,dfasdfa,sfg,3100008580,abcd@gmail.com,faerqer1324fq,Visa,4595123703,activo
1013606116,asdasdsad,sfdgsdfg,3100008581,efgh@gmail.com,q1fe4t15fqe,Visa,4595123704,activo
1013606117,advadsfasdf,srtyiuytk,3100008582,ijklm@gmail.com,123fqer143reqf,Visa,4595123705,activo
1013606118,asdfac,kuiktk,3100008583,mnopq@gmail.com,13efqr198,Master,4595123706,activo
1013606119,adsfa,ryhrtyhrtyh,3100008584,rstu@gmail.com,fqer132rfeda,Dinner,4595123707,activo
1013606120,asdfac,rtyhrtyhrtyh,3100008585,abcd@gmail.com,1234dwqqerq,Visa,4595123708,activo
1013606121,asdfadsf,uikuikiu,3100008586,efgh@gmail.com,123dwqr299,Master,4595123709,activo
1013606122,dfasdfa,sdfgsdfgs,3100008587,ijklm@gmail.com,gtr1341299,Dinner,4595123710,activo
1013606123,asdasdsad,sfg,3100008588,mnopq@gmail.com,feqreq41234188,Master,4595123711,activo
1013606124,advadsfasdf,sfdgsdfg,3100008589,rstu@gmail.com,faerqer1324fq,Visa,4595123712,activo
1013606125,asdfac,srtyiuytk,3100008590,abcd@gmail.com,q1fe4t15fqe,Master,4595123713,activo
1013606126,adsfa,kuiktk,3100008591,efgh@gmail.com,123fqer143reqf,Visa,4595123714,activo
1013606127,asdfac,ryhrtyhrtyh,3100008592,ijklm@gmail.com,13efqr199,Master,4595123715,activo
1013606128,asdfadsf,rtyhrtyhrtyh,3100008593,mnopq@gmail.com,fqer132rfeda,Visa,4595123716,activo
1013606129,dfasdfa,uikuikiu,3100008594,rstu@gmail.com,1234dwqqerq,Visa,4595123717,activo
1013606130,asdasdsad,sdfgsdfgs,3100008595,abcd@gmail.com,123dwqr300,Visa,4595123718,activo
1013606131,advadsfasdf,sfg,3100008596,efgh@gmail.com,gtr1341300,Visa,4595123719,activo
1013606132,asdfac,sfdgsdfg,3100008597,ijklm@gmail.com,feqreq41234189,Visa,4595123720,activo
1013606133,adsfa,srtyiuytk,3100008598,mnopq@gmail.com,faerqer1324fq,Master,4595123721,activo
1013606134,asdfac,kuiktk,3100008599,rstu@gmail.com,q1fe4t15fqe,Dinner,4595123722,activo
1013606135,asdfadsf,ryhrtyhrtyh,3100008600,abcd@gmail.com,123fqer143reqf,Visa,4595123723,activo
1013606136,dfasdfa,rtyhrtyhrtyh,3100008601,efgh@gmail.com,13efqr200,Master,4595123724,activo
1013606137,asdasdsad,uikuikiu,3100008602,ijklm@gmail.com,fqer132rfeda,Dinner,4595123725,activo
1013606138,advadsfasdf,sdfgsdfgs,3100008603,mnopq@gmail.com,1234dwqqerq,Master,4595123726,activo
1013606139,asdfac,sfg,3100008604,rstu@gmail.com,123dwqr301,Visa,4595123727,activo
1013606140,adsfa,sfdgsdfg,3100008605,abcd@gmail.com,gtr1341301,Master,4595123728,activo
1013606141,asdfac,srtyiuytk,3100008606,efgh@gmail.com,feqreq41234190,Visa,4595123729,activo
1013606142,asdfadsf,kuiktk,3100008607,ijklm@gmail.com,faerqer1324fq,Master,4595123730,activo
1013606143,dfasdfa,ryhrtyhrtyh,3100008608,mnopq@gmail.com,q1fe4t15fqe,Visa,4595123731,activo
1013606144,asdasdsad,rtyhrtyhrtyh,3100008609,rstu@gmail.com,123fqer143reqf,Visa,4595123732,desactivado
1013606145,advadsfasdf,uikuikiu,3100008610,abcd@gmail.com,13efqr201,Visa,4595123733,desactivado
1013606146,asdfac,sdfgsdfgs,3100008611,efgh@gmail.com,fqer132rfeda,Visa,4595123734,desactivado
1013606147,adsfa,sfg,3100008612,ijklm@gmail.com,1234dwqqerq,Visa,4595123735,desactivado
1013606148,asdfac,sfdgsdfg,3100008613,mnopq@gmail.com,123dwqr302,Master,4595123736,desactivado
1013606149,asdfadsf,srtyiuytk,3100008614,rstu@gmail.com,gtr1341302,Dinner,4595123737,desactivado
1013606150,dfasdfa,kuiktk,3100008615,abcd@gmail.com,feqreq41234191,Visa,4595123738,desactivado
1013606151,asdasdsad,ryhrtyhrtyh,3100008616,efgh@gmail.com,faerqer1324fq,Master,4595123739,desactivado
1013606152,advadsfasdf,rtyhrtyhrtyh,3100008617,ijklm@gmail.com,q1fe4t15fqe,Dinner,4595123740,desactivado
1013606153,asdfac,uikuikiu,3100008618,mnopq@gmail.com,123fqer143reqf,Master,4595123741,desactivado
1013606154,adsfa,sdfgsdfgs,3100008619,rstu@gmail.com,13efqr202,Visa,4595123742,desactivado
1013606155,asdfac,sfg,3100008620,abcd@gmail.com,fqer132rfeda,Master,4595123743,desactivado
1013606156,asdfadsf,sfdgsdfg,3100008621,efgh@gmail.com,1234dwqqerq,Visa,4595123744,desactivado
1013606157,dfasdfa,srtyiuytk,3100008622,ijklm@gmail.com,123dwqr303,Master,4595123745,desactivado
1013606158,asdasdsad,kuiktk,3100008623,mnopq@gmail.com,gtr1341303,Visa,4595123746,desactivado
1013606159,advadsfasdf,ryhrtyhrtyh,3100008624,rstu@gmail.com,feqreq41234192,Visa,4595123747,desactivado
1013606160,asdfac,rtyhrtyhrtyh,3100008625,abcd@gmail.com,faerqer1324fq,Visa,4595123748,activo
1013606161,adsfa,uikuikiu,3100008626,efgh@gmail.com,q1fe4t15fqe,Visa,4595123749,activo
1013606162,asdfac,sdfgsdfgs,3100008627,ijklm@gmail.com,123fqer143reqf,Visa,4595123750,activo
1013606163,asdfadsf,sfg,3100008628,mnopq@gmail.com,13efqr203,Master,4595123751,activo
1013606164,dfasdfa,sfdgsdfg,3100008629,rstu@gmail.com,fqer132rfeda,Dinner,4595123752,activo
1013606165,asdasdsad,srtyiuytk,3100008630,abcd@gmail.com,1234dwqqerq,Visa,4595123753,activo
1013606166,advadsfasdf,kuiktk,3100008631,efgh@gmail.com,123dwqr304,Master,4595123754,activo
1013606167,asdfac,ryhrtyhrtyh,3100008632,ijklm@gmail.com,gtr1341304,Dinner,4595123755,activo
1013606168,adsfa,rtyhrtyhrtyh,3100008633,mnopq@gmail.com,feqreq41234193,Master,4595123756,activo
1013606169,asdfac,uikuikiu,3100008634,rstu@gmail.com,faerqer1324fq,Visa,4595123757,activo
1013606170,asdfadsf,sdfgsdfgs,3100008635,abcd@gmail.com,q1fe4t15fqe,Master,4595123758,activo
1013606171,dfasdfa,sfg,3100008636,efgh@gmail.com,123fqer143reqf,Visa,4595123759,desactivado
1013606172,asdasdsad,sfdgsdfg,3100008637,ijklm@gmail.com,13efqr204,Master,4595123760,desactivado
1013606173,advadsfasdf,srtyiuytk,3100008638,mnopq@gmail.com,fqer132rfeda,Visa,4595123761,desactivado
1013606174,asdfac,kuiktk,3100008639,rstu@gmail.com,1234dwqqerq,Visa,4595123762,activo
1013606175,adsfa,ryhrtyhrtyh,3100008640,abcd@gmail.com,123dwqr305,Visa,4595123763,activo
1013606176,asdfac,rtyhrtyhrtyh,3100008641,efgh@gmail.com,gtr1341305,Visa,4595123764,activo
1013606177,asdfadsf,uikuikiu,3100008642,ijklm@gmail.com,feqreq41234194,Visa,4595123765,activo
1013606178,dfasdfa,sdfgsdfgs,3100008643,mnopq@gmail.com,faerqer1324fq,Master,4595123766,activo
1013606179,asdasdsad,sfg,3100008644,rstu@gmail.com,q1fe4t15fqe,Dinner,4595123767,activo
1013606180,advadsfasdf,sfdgsdfg,3100008645,abcd@gmail.com,123fqer143reqf,Visa,4595123768,activo
1013606181,asdfac,srtyiuytk,3100008646,efgh@gmail.com,13efqr205,Master,4595123769,activo
1013606182,adsfa,kuiktk,3100008647,ijklm@gmail.com,fqer132rfeda,Dinner,4595123770,activo
1013606183,asdfac,ryhrtyhrtyh,3100008648,mnopq@gmail.com,1234dwqqerq,Master,4595123771,activo
1013606184,asdfadsf,rtyhrtyhrtyh,3100008649,rstu@gmail.com,123dwqr306,Visa,4595123772,activo
1013606185,dfasdfa,uikuikiu,3100008650,abcd@gmail.com,gtr1341306,Master,4595123773,activo
1013606186,asdasdsad,sdfgsdfgs,3100008651,efgh@gmail.com,feqreq41234195,Visa,4595123774,activo
1013606187,advadsfasdf,sfg,3100008652,ijklm@gmail.com,faerqer1324fq,Master,4595123775,activo
1013606188,asdfac,sfdgsdfg,3100008653,mnopq@gmail.com,q1fe4t15fqe,Visa,4595123776,activo
1013606189,adsfa,srtyiuytk,3100008654,rstu@gmail.com,123fqer143reqf,Visa,4595123777,activo
1013606190,asdfac,kuiktk,3100008655,abcd@gmail.com,13efqr206,Visa,4595123778,activo
1013606191,asdfadsf,ryhrtyhrtyh,3100008656,efgh@gmail.com,fqer132rfeda,Visa,4595123779,activo
1013606192,dfasdfa,rtyhrtyhrtyh,3100008657,ijklm@gmail.com,1234dwqqerq,Visa,4595123780,activo
1013606193,asdasdsad,uikuikiu,3100008658,mnopq@gmail.com,123dwqr307,Master,4595123781,activo
1013606194,advadsfasdf,sdfgsdfgs,3100008659,rstu@gmail.com,gtr1341307,Dinner,4595123782,activo
1013606195,asdfac,sfg,3100008660,abcd@gmail.com,feqreq41234196,Visa,4595123783,activo
1013606196,adsfa,sfdgsdfg,3100008661,efgh@gmail.com,faerqer1324fq,Master,4595123784,activo
1013606197,asdfac,srtyiuytk,3100008662,ijklm@gmail.com,q1fe4t15fqe,Dinner,4595123785,activo
1013606198,asdfadsf,kuiktk,3100008663,mnopq@gmail.com,123fqer143reqf,Master,4595123786,activo
1013606199,dfasdfa,ryhrtyhrtyh,3100008664,rstu@gmail.com,13efqr207,Visa,4595123787,activo
1013606200,asdasdsad,rtyhrtyhrtyh,3100008665,abcd@gmail.com,fqer132rfeda,Master,4595123788,activo
1013606201,advadsfasdf,uikuikiu,3100008666,efgh@gmail.com,1234dwqqerq,Visa,4595123789,activo
1013606202,asdfac,sdfgsdfgs,3100008667,ijklm@gmail.com,123dwqr308,Master,4595123790,activo
1013606203,adsfa,sfg,3100008668,mnopq@gmail.com,gtr1341308,Visa,4595123791,activo
1013606204,asdfac,sfdgsdfg,3100008669,rstu@gmail.com,feqreq41234197,Visa,4595123792,activo
1013606205,asdfadsf,srtyiuytk,3100008670,abcd@gmail.com,faerqer1324fq,Visa,4595123793,activo
1013606206,dfasdfa,kuiktk,3100008671,efgh@gmail.com,q1fe4t15fqe,Visa,4595123794,activo
1013606207,asdasdsad,ryhrtyhrtyh,3100008672,ijklm@gmail.com,123fqer143reqf,Visa,4595123795,activo
1013606208,advadsfasdf,rtyhrtyhrtyh,3100008673,mnopq@gmail.com,13efqr208,Master,4595123796,activo
1013606209,asdfac,uikuikiu,3100008674,rstu@gmail.com,fqer132rfeda,Dinner,4595123797,activo
1013606210,adsfa,sdfgsdfgs,3100008675,abcd@gmail.com,1234dwqqerq,Visa,4595123798,activo
1013606211,asdfac,sfg,3100008676,efgh@gmail.com,123dwqr309,Master,4595123799,activo
1013606212,asdfadsf,sfdgsdfg,3100008677,ijklm@gmail.com,gtr1341309,Dinner,4595123800,activo
1013606213,dfasdfa,srtyiuytk,3100008678,mnopq@gmail.com,feqreq41234198,Master,4595123801,activo
1013606214,asdasdsad,kuiktk,3100008679,rstu@gmail.com,faerqer1324fq,Visa,4595123802,activo
1013606215,advadsfasdf,ryhrtyhrtyh,3100008680,abcd@gmail.com,q1fe4t15fqe,Master,4595123803,activo
1013606216,asdfac,rtyhrtyhrtyh,3100008681,efgh@gmail.com,123fqer143reqf,Visa,4595123804,activo
1013606217,adsfa,uikuikiu,3100008682,ijklm@gmail.com,13efqr209,Master,4595123805,activo
1013606218,asdfac,sdfgsdfgs,3100008683,mnopq@gmail.com,fqer132rfeda,Visa,4595123806,activo
1013606219,asdfadsf,sfg,3100008684,rstu@gmail.com,1234dwqqerq,Visa,4595123807,activo
1013606220,dfasdfa,sfdgsdfg,3100008685,abcd@gmail.com,123dwqr310,Visa,4595123808,desactivado
1013606221,asdasdsad,srtyiuytk,3100008686,efgh@gmail.com,gtr1341310,Visa,4595123809,desactivado
1013606222,advadsfasdf,kuiktk,3100008687,ijklm@gmail.com,feqreq41234199,Visa,4595123810,desactivado
1013606223,asdfac,ryhrtyhrtyh,3100008688,mnopq@gmail.com,faerqer1324fq,Master,4595123811,desactivado
1013606224,adsfa,rtyhrtyhrtyh,3100008689,rstu@gmail.com,q1fe4t15fqe,Dinner,4595123812,desactivado
1013606225,asdfac,uikuikiu,3100008690,abcd@gmail.com,123fqer143reqf,Visa,4595123813,desactivado
1013606226,asdfadsf,sdfgsdfgs,3100008691,efgh@gmail.com,13efqr210,Master,4595123814,desactivado
1013606227,dfasdfa,sfg,3100008692,ijklm@gmail.com,fqer132rfeda,Dinner,4595123815,desactivado
1013606228,asdasdsad,sfdgsdfg,3100008693,mnopq@gmail.com,1234dwqqerq,Master,4595123816,desactivado
1013606229,advadsfasdf,srtyiuytk,3100008694,rstu@gmail.com,123dwqr311,Visa,4595123817,desactivado
1013606230,asdfac,kuiktk,3100008695,abcd@gmail.com,gtr1341311,Master,4595123818,desactivado
1013606231,adsfa,ryhrtyhrtyh,3100008696,efgh@gmail.com,feqreq41234200,Visa,4595123819,desactivado
1013606232,asdfac,rtyhrtyhrtyh,3100008697,ijklm@gmail.com,faerqer1324fq,Master,4595123820,desactivado
1013606233,asdfadsf,uikuikiu,3100008698,mnopq@gmail.com,q1fe4t15fqe,Visa,4595123821,desactivado
1013606234,dfasdfa,sdfgsdfgs,3100008699,rstu@gmail.com,123fqer143reqf,Visa,4595123822,desactivado
1013606235,asdasdsad,sfg,3100008700,abcd@gmail.com,13efqr211,Visa,4595123823,desactivado
1013606236,advadsfasdf,sfdgsdfg,3100008701,efgh@gmail.com,fqer132rfeda,Visa,4595123824,activo
1013606237,asdfac,srtyiuytk,3100008702,ijklm@gmail.com,1234dwqqerq,Visa,4595123825,activo
1013606238,adsfa,kuiktk,3100008703,mnopq@gmail.com,123dwqr312,Master,4595123826,activo
1013606239,asdfac,ryhrtyhrtyh,3100008704,rstu@gmail.com,gtr1341312,Dinner,4595123827,activo
1013606240,asdfadsf,rtyhrtyhrtyh,3100008705,abcd@gmail.com,feqreq41234201,Visa,4595123828,activo
1013606241,dfasdfa,uikuikiu,3100008706,efgh@gmail.com,faerqer1324fq,Master,4595123829,activo
1013606242,asdasdsad,sdfgsdfgs,3100008707,ijklm@gmail.com,q1fe4t15fqe,Dinner,4595123830,activo
1013606243,advadsfasdf,sfg,3100008708,mnopq@gmail.com,123fqer143reqf,Master,4595123831,activo
1013606244,asdfac,sfdgsdfg,3100008709,rstu@gmail.com,13efqr212,Visa,4595123832,activo
1013606245,adsfa,srtyiuytk,3100008710,abcd@gmail.com,fqer132rfeda,Master,4595123833,activo
1013606246,asdfac,kuiktk,3100008711,efgh@gmail.com,1234dwqqerq,Visa,4595123834,activo
1013606247,asdfadsf,ryhrtyhrtyh,3100008712,ijklm@gmail.com,123dwqr313,Master,4595123835,desactivado
1013606248,dfasdfa,rtyhrtyhrtyh,3100008713,mnopq@gmail.com,gtr1341313,Visa,4595123836,desactivado
1013606249,asdasdsad,uikuikiu,3100008714,rstu@gmail.com,feqreq41234202,Visa,4595123837,desactivado
1013606250,advadsfasdf,sdfgsdfgs,3100008715,abcd@gmail.com,faerqer1324fq,Visa,4595123838,activo
1013606251,asdfac,sfg,3100008716,efgh@gmail.com,q1fe4t15fqe,Visa,4595123839,activo
1013606252,adsfa,sfdgsdfg,3100008717,ijklm@gmail.com,123fqer143reqf,Visa,4595123840,activo
1013606253,asdfac,srtyiuytk,3100008718,mnopq@gmail.com,13efqr213,Master,4595123841,activo
1013606254,asdfadsf,kuiktk,3100008719,rstu@gmail.com,fqer132rfeda,Dinner,4595123842,activo
1013606255,dfasdfa,ryhrtyhrtyh,3100008720,abcd@gmail.com,1234dwqqerq,Visa,4595123843,activo
1013606256,asdasdsad,rtyhrtyhrtyh,3100008721,efgh@gmail.com,123dwqr314,Master,4595123844,activo
1013606257,advadsfasdf,uikuikiu,3100008722,ijklm@gmail.com,gtr1341314,Dinner,4595123845,activo
1013606258,asdfac,sdfgsdfgs,3100008723,mnopq@gmail.com,feqreq41234203,Master,4595123846,activo
1013606259,adsfa,sfg,3100008724,rstu@gmail.com,faerqer1324fq,Visa,4595123847,activo
1013606260,asdfac,sfdgsdfg,3100008725,abcd@gmail.com,q1fe4t15fqe,Master,4595123848,activo
1013606261,asdfadsf,srtyiuytk,3100008726,efgh@gmail.com,123fqer143reqf,Visa,4595123849,activo
1013606262,dfasdfa,kuiktk,3100008727,ijklm@gmail.com,13efqr214,Master,4595123850,activo
1013606263,asdasdsad,ryhrtyhrtyh,3100008728,mnopq@gmail.com,fqer132rfeda,Visa,4595123851,activo
1013606264,advadsfasdf,rtyhrtyhrtyh,3100008729,rstu@gmail.com,1234dwqqerq,Visa,4595123852,activo
1013606265,asdfac,uikuikiu,3100008730,abcd@gmail.com,123dwqr315,Visa,4595123853,activo
1013606266,adsfa,sdfgsdfgs,3100008731,efgh@gmail.com,gtr1341315,Visa,4595123854,activo
1013606267,asdfac,sfg,3100008732,ijklm@gmail.com,feqreq41234204,Visa,4595123855,activo
1013606268,asdfadsf,sfdgsdfg,3100008733,mnopq@gmail.com,faerqer1324fq,Master,4595123856,activo
1013606269,dfasdfa,srtyiuytk,3100008734,rstu@gmail.com,q1fe4t15fqe,Dinner,4595123857,activo
1013606270,asdasdsad,kuiktk,3100008735,abcd@gmail.com,123fqer143reqf,Visa,4595123858,activo
1013606271,advadsfasdf,ryhrtyhrtyh,3100008736,efgh@gmail.com,13efqr215,Master,4595123859,activo
1013606272,asdfac,rtyhrtyhrtyh,3100008737,ijklm@gmail.com,fqer132rfeda,Dinner,4595123860,activo
1013606273,adsfa,uikuikiu,3100008738,mnopq@gmail.com,1234dwqqerq,Master,4595123861,activo
1013606274,asdfac,sdfgsdfgs,3100008739,rstu@gmail.com,123dwqr316,Visa,4595123862,activo
1013606275,asdfadsf,sfg,3100008740,abcd@gmail.com,gtr1341316,Master,4595123863,activo
1013606276,dfasdfa,sfdgsdfg,3100008741,efgh@gmail.com,feqreq41234205,Visa,4595123864,activo
1013606277,asdasdsad,srtyiuytk,3100008742,ijklm@gmail.com,faerqer1324fq,Master,4595123865,activo
1013606278,advadsfasdf,kuiktk,3100008743,mnopq@gmail.com,q1fe4t15fqe,Visa,4595123866,activo
1013606279,asdfac,ryhrtyhrtyh,3100008744,rstu@gmail.com,123fqer143reqf,Visa,4595123867,activo
1013606280,adsfa,rtyhrtyhrtyh,3100008745,abcd@gmail.com,13efqr216,Visa,4595123868,activo
1013606281,asdfac,uikuikiu,3100008746,efgh@gmail.com,fqer132rfeda,Visa,4595123869,activo
1013606282,asdfadsf,sdfgsdfgs,3100008747,ijklm@gmail.com,1234dwqqerq,Visa,4595123870,activo
1013606283,dfasdfa,sfg,3100008748,mnopq@gmail.com,123dwqr317,Master,4595123871,activo
1013606284,asdasdsad,sfdgsdfg,3100008749,rstu@gmail.com,gtr1341317,Dinner,4595123872,activo
1013606285,advadsfasdf,srtyiuytk,3100008750,abcd@gmail.com,feqreq41234206,Visa,4595123873,activo
1013606286,asdfac,kuiktk,3100008751,efgh@gmail.com,faerqer1324fq,Master,4595123874,activo
1013606287,adsfa,ryhrtyhrtyh,3100008752,ijklm@gmail.com,q1fe4t15fqe,Dinner,4595123875,activo
1013606288,asdfac,rtyhrtyhrtyh,3100008753,mnopq@gmail.com,123fqer143reqf,Master,4595123876,activo
1013606289,asdfadsf,uikuikiu,3100008754,rstu@gmail.com,13efqr217,Visa,4595123877,activo
1013606290,dfasdfa,sdfgsdfgs,3100008755,abcd@gmail.com,fqer132rfeda,Master,4595123878,activo
1013606291,asdasdsad,sfg,3100008756,efgh@gmail.com,1234dwqqerq,Visa,4595123879,activo
1013606292,advadsfasdf,sfdgsdfg,3100008757,ijklm@gmail.com,123dwqr318,Master,4595123880,activo
1013606293,asdfac,srtyiuytk,3100008758,mnopq@gmail.com,gtr1341318,Visa,4595123881,activo
1013606294,adsfa,kuiktk,3100008759,rstu@gmail.com,feqreq41234207,Visa,4595123882,activo
1013606295,asdfac,ryhrtyhrtyh,3100008760,abcd@gmail.com,faerqer1324fq,Visa,4595123883,activo
1013606296,asdfadsf,rtyhrtyhrtyh,3100008761,efgh@gmail.com,q1fe4t15fqe,Visa,4595123884,desactivado
1013606297,dfasdfa,uikuikiu,3100008762,ijklm@gmail.com,123fqer143reqf,Visa,4595123885,desactivado
1013606298,asdasdsad,sdfgsdfgs,3100008763,mnopq@gmail.com,13efqr218,Master,4595123886,desactivado
1013606299,advadsfasdf,sfg,3100008764,rstu@gmail.com,fqer132rfeda,Dinner,4595123887,desactivado
1013606300,asdfac,sfdgsdfg,3100008765,abcd@gmail.com,1234dwqqerq,Visa,4595123888,desactivado
1013606301,adsfa,srtyiuytk,3100008766,efgh@gmail.com,123dwqr319,Master,4595123889,desactivado
1013606302,asdfac,kuiktk,3100008767,ijklm@gmail.com,gtr1341319,Dinner,4595123890,desactivado
1013606303,asdfadsf,ryhrtyhrtyh,3100008768,mnopq@gmail.com,feqreq41234208,Master,4595123891,desactivado
1013606304,dfasdfa,rtyhrtyhrtyh,3100008769,rstu@gmail.com,faerqer1324fq,Visa,4595123892,desactivado
1013606305,asdasdsad,uikuikiu,3100008770,abcd@gmail.com,q1fe4t15fqe,Master,4595123893,desactivado
1013606306,advadsfasdf,sdfgsdfgs,3100008771,efgh@gmail.com,123fqer143reqf,Visa,4595123894,desactivado
1013606307,asdfac,sfg,3100008772,ijklm@gmail.com,13efqr219,Master,4595123895,desactivado
1013606308,adsfa,sfdgsdfg,3100008773,mnopq@gmail.com,fqer132rfeda,Visa,4595123896,desactivado
1013606309,asdfac,srtyiuytk,3100008774,rstu@gmail.com,1234dwqqerq,Visa,4595123897,desactivado
1013606310,asdfadsf,kuiktk,3100008775,abcd@gmail.com,123dwqr320,Visa,4595123898,desactivado
1013606311,dfasdfa,ryhrtyhrtyh,3100008776,efgh@gmail.com,gtr1341320,Visa,4595123899,desactivado
1013606312,asdasdsad,rtyhrtyhrtyh,3100008777,ijklm@gmail.com,feqreq41234209,Visa,4595123900,activo
1013606313,advadsfasdf,uikuikiu,3100008778,mnopq@gmail.com,faerqer1324fq,Master,4595123901,activo
1013606314,asdfac,sdfgsdfgs,3100008779,rstu@gmail.com,q1fe4t15fqe,Dinner,4595123902,activo
1013606315,adsfa,sfg,3100008780,abcd@gmail.com,123fqer143reqf,Visa,4595123903,activo
1013606316,asdfac,sfdgsdfg,3100008781,efgh@gmail.com,13efqr220,Master,4595123904,activo
1013606317,asdfadsf,srtyiuytk,3100008782,ijklm@gmail.com,fqer132rfeda,Dinner,4595123905,activo
1013606318,dfasdfa,kuiktk,3100008783,mnopq@gmail.com,1234dwqqerq,Master,4595123906,activo
1013606319,asdasdsad,ryhrtyhrtyh,3100008784,rstu@gmail.com,123dwqr321,Visa,4595123907,activo
1013606320,advadsfasdf,rtyhrtyhrtyh,3100008785,abcd@gmail.com,gtr1341321,Master,4595123908,activo
1013606321,asdfac,uikuikiu,3100008786,efgh@gmail.com,feqreq41234210,Visa,4595123909,activo
1013606322,adsfa,sdfgsdfgs,3100008787,ijklm@gmail.com,faerqer1324fq,Master,4595123910,activo
1013606323,asdfac,sfg,3100008788,mnopq@gmail.com,q1fe4t15fqe,Visa,4595123911,desactivado
1013606324,asdfadsf,sfdgsdfg,3100008789,rstu@gmail.com,123fqer143reqf,Visa,4595123912,desactivado
1013606325,dfasdfa,srtyiuytk,3100008790,abcd@gmail.com,13efqr221,Visa,4595123913,desactivado
1013606326,asdasdsad,kuiktk,3100008791,efgh@gmail.com,fqer132rfeda,Visa,4595123914,activo
1013606327,advadsfasdf,ryhrtyhrtyh,3100008792,ijklm@gmail.com,1234dwqqerq,Visa,4595123915,activo
1013606328,asdfac,rtyhrtyhrtyh,3100008793,mnopq@gmail.com,123dwqr322,Master,4595123916,activo
1013606329,adsfa,uikuikiu,3100008794,rstu@gmail.com,gtr1341322,Dinner,4595123917,activo
1013606330,asdfac,sdfgsdfgs,3100008795,abcd@gmail.com,feqreq41234211,Visa,4595123918,activo
1013606331,asdfadsf,sfg,3100008796,efgh@gmail.com,faerqer1324fq,Master,4595123919,activo
1013606332,dfasdfa,sfdgsdfg,3100008797,ijklm@gmail.com,q1fe4t15fqe,Dinner,4595123920,activo
1013606333,asdasdsad,srtyiuytk,3100008798,mnopq@gmail.com,123fqer143reqf,Master,4595123921,activo
1013606334,advadsfasdf,kuiktk,3100008799,rstu@gmail.com,13efqr222,Visa,4595123922,activo
1013606335,asdfac,ryhrtyhrtyh,3100008800,abcd@gmail.com,fqer132rfeda,Master,4595123923,activo
1013606336,adsfa,rtyhrtyhrtyh,3100008801,efgh@gmail.com,1234dwqqerq,Visa,4595123924,activo
1013606337,asdfac,uikuikiu,3100008802,ijklm@gmail.com,123dwqr323,Master,4595123925,activo
1013606338,asdfadsf,sdfgsdfgs,3100008803,mnopq@gmail.com,gtr1341323,Visa,4595123926,activo
1013606339,dfasdfa,sfg,3100008804,rstu@gmail.com,feqreq41234212,Visa,4595123927,activo
1013606340,asdasdsad,sfdgsdfg,3100008805,abcd@gmail.com,faerqer1324fq,Visa,4595123928,activo
1013606341,advadsfasdf,srtyiuytk,3100008806,efgh@gmail.com,q1fe4t15fqe,Visa,4595123929,activo
1013606342,asdfac,kuiktk,3100008807,ijklm@gmail.com,123fqer143reqf,Visa,4595123930,activo
1013606343,adsfa,ryhrtyhrtyh,3100008808,mnopq@gmail.com,13efqr223,Master,4595123931,activo
1013606344,asdfac,rtyhrtyhrtyh,3100008809,rstu@gmail.com,fqer132rfeda,Dinner,4595123932,activo
1013606345,asdfadsf,uikuikiu,3100008810,abcd@gmail.com,1234dwqqerq,Visa,4595123933,activo
1013606346,dfasdfa,sdfgsdfgs,3100008811,efgh@gmail.com,123dwqr324,Master,4595123934,activo
1013606347,asdasdsad,sfg,3100008812,ijklm@gmail.com,gtr1341324,Dinner,4595123935,activo
1013606348,advadsfasdf,sfdgsdfg,3100008813,mnopq@gmail.com,feqreq41234213,Master,4595123936,activo
1013606349,asdfac,srtyiuytk,3100008814,rstu@gmail.com,faerqer1324fq,Visa,4595123937,activo
1013606350,adsfa,kuiktk,3100008815,abcd@gmail.com,q1fe4t15fqe,Master,4595123938,activo
1013606351,asdfac,ryhrtyhrtyh,3100008816,efgh@gmail.com,123fqer143reqf,Visa,4595123939,activo
1013606352,asdfadsf,rtyhrtyhrtyh,3100008817,ijklm@gmail.com,13efqr224,Master,4595123940,activo
1013606353,dfasdfa,uikuikiu,3100008818,mnopq@gmail.com,fqer132rfeda,Visa,4595123941,activo
1013606354,asdasdsad,sdfgsdfgs,3100008819,rstu@gmail.com,1234dwqqerq,Visa,4595123942,activo
1013606355,advadsfasdf,sfg,3100008820,abcd@gmail.com,123dwqr325,Visa,4595123943,activo
1013606356,asdfac,sfdgsdfg,3100008821,efgh@gmail.com,gtr1341325,Visa,4595123944,activo
1013606357,adsfa,srtyiuytk,3100008822,ijklm@gmail.com,feqreq41234214,Visa,4595123945,activo
1013606358,asdfac,kuiktk,3100008823,mnopq@gmail.com,faerqer1324fq,Master,4595123946,activo
1013606359,asdfadsf,ryhrtyhrtyh,3100008824,rstu@gmail.com,q1fe4t15fqe,Dinner,4595123947,activo
1013606360,dfasdfa,rtyhrtyhrtyh,3100008825,abcd@gmail.com,123fqer143reqf,Visa,4595123948,activo
1013606361,asdasdsad,uikuikiu,3100008826,efgh@gmail.com,13efqr225,Master,4595123949,activo
1013606362,advadsfasdf,sdfgsdfgs,3100008827,ijklm@gmail.com,fqer132rfeda,Dinner,4595123950,activo
1013606363,asdfac,sfg,3100008828,mnopq@gmail.com,1234dwqqerq,Master,4595123951,activo
1013606364,adsfa,sfdgsdfg,3100008829,rstu@gmail.com,123dwqr326,Visa,4595123952,activo
1013606365,asdfac,srtyiuytk,3100008830,abcd@gmail.com,gtr1341326,Master,4595123953,activo
1013606366,asdfadsf,kuiktk,3100008831,efgh@gmail.com,feqreq41234215,Visa,4595123954,activo
1013606367,dfasdfa,ryhrtyhrtyh,3100008832,ijklm@gmail.com,faerqer1324fq,Master,4595123955,activo
1013606368,asdasdsad,rtyhrtyhrtyh,3100008833,mnopq@gmail.com,q1fe4t15fqe,Visa,4595123956,activo
1013606369,advadsfasdf,uikuikiu,3100008834,rstu@gmail.com,123fqer143reqf,Visa,4595123957,activo
1013606370,asdfac,sdfgsdfgs,3100008835,abcd@gmail.com,13efqr226,Visa,4595123958,activo
1013606371,adsfa,sfg,3100008836,efgh@gmail.com,fqer132rfeda,Visa,4595123959,activo
1013606372,asdfac,sfdgsdfg,3100008837,ijklm@gmail.com,1234dwqqerq,Visa,4595123960,desactivado
1013606373,asdfadsf,srtyiuytk,3100008838,mnopq@gmail.com,123dwqr327,Master,4595123961,desactivado
1013606374,dfasdfa,kuiktk,3100008839,rstu@gmail.com,gtr1341327,Dinner,4595123962,desactivado
1013606375,asdasdsad,ryhrtyhrtyh,3100008840,abcd@gmail.com,feqreq41234216,Visa,4595123963,desactivado
1013606376,advadsfasdf,rtyhrtyhrtyh,3100008841,efgh@gmail.com,faerqer1324fq,Master,4595123964,desactivado
1013606377,asdfac,uikuikiu,3100008842,ijklm@gmail.com,q1fe4t15fqe,Dinner,4595123965,desactivado
1013606378,adsfa,sdfgsdfgs,3100008843,mnopq@gmail.com,123fqer143reqf,Master,4595123966,desactivado
1013606379,asdfac,sfg,3100008844,rstu@gmail.com,13efqr227,Visa,4595123967,desactivado
1013606380,asdfadsf,sfdgsdfg,3100008845,abcd@gmail.com,fqer132rfeda,Master,4595123968,desactivado
1013606381,dfasdfa,srtyiuytk,3100008846,efgh@gmail.com,1234dwqqerq,Visa,4595123969,desactivado
1013606382,asdasdsad,kuiktk,3100008847,ijklm@gmail.com,123dwqr328,Master,4595123970,desactivado
1013606383,advadsfasdf,ryhrtyhrtyh,3100008848,mnopq@gmail.com,gtr1341328,Visa,4595123971,desactivado
1013606384,asdfac,rtyhrtyhrtyh,3100008849,rstu@gmail.com,feqreq41234217,Visa,4595123972,desactivado
1013606385,adsfa,uikuikiu,3100008850,abcd@gmail.com,faerqer1324fq,Visa,4595123973,desactivado
1013606386,asdfac,sdfgsdfgs,3100008851,efgh@gmail.com,q1fe4t15fqe,Visa,4595123974,desactivado
1013606387,asdfadsf,sfg,3100008852,ijklm@gmail.com,123fqer143reqf,Visa,4595123975,desactivado
1013606388,dfasdfa,sfdgsdfg,3100008853,mnopq@gmail.com,13efqr228,Master,4595123976,activo
1013606389,asdasdsad,srtyiuytk,3100008854,rstu@gmail.com,fqer132rfeda,Dinner,4595123977,activo
1013606390,advadsfasdf,kuiktk,3100008855,abcd@gmail.com,1234dwqqerq,Visa,4595123978,activo
1013606391,asdfac,ryhrtyhrtyh,3100008856,efgh@gmail.com,123dwqr329,Master,4595123979,activo
1013606392,adsfa,rtyhrtyhrtyh,3100008857,ijklm@gmail.com,gtr1341329,Dinner,4595123980,activo
1013606393,asdfac,uikuikiu,3100008858,mnopq@gmail.com,feqreq41234218,Master,4595123981,activo
1013606394,asdfadsf,sdfgsdfgs,3100008859,rstu@gmail.com,faerqer1324fq,Visa,4595123982,activo
1013606395,dfasdfa,sfg,3100008860,abcd@gmail.com,q1fe4t15fqe,Master,4595123983,activo
1013606396,asdasdsad,sfdgsdfg,3100008861,efgh@gmail.com,123fqer143reqf,Visa,4595123984,activo
1013606397,advadsfasdf,srtyiuytk,3100008862,ijklm@gmail.com,13efqr229,Master,4595123985,activo
1013606398,asdfac,kuiktk,3100008863,mnopq@gmail.com,fqer132rfeda,Visa,4595123986,activo
1013606399,adsfa,ryhrtyhrtyh,3100008864,rstu@gmail.com,1234dwqqerq,Visa,4595123987,desactivado
1013606400,asdfac,rtyhrtyhrtyh,3100008865,abcd@gmail.com,123dwqr330,Visa,4595123988,desactivado
1013606401,asdfadsf,uikuikiu,3100008866,efgh@gmail.com,gtr1341330,Visa,4595123989,desactivado
1013606402,dfasdfa,sdfgsdfgs,3100008867,ijklm@gmail.com,feqreq41234219,Visa,4595123990,activo
1013606403,asdasdsad,sfg,3100008868,mnopq@gmail.com,faerqer1324fq,Master,4595123991,activo
1013606404,advadsfasdf,sfdgsdfg,3100008869,rstu@gmail.com,q1fe4t15fqe,Dinner,4595123992,activo
1013606405,asdfac,srtyiuytk,3100008870,abcd@gmail.com,123fqer143reqf,Visa,4595123993,activo
1013606406,adsfa,kuiktk,3100008871,efgh@gmail.com,13efqr230,Master,4595123994,activo
1013606407,asdfac,ryhrtyhrtyh,3100008872,ijklm@gmail.com,fqer132rfeda,Dinner,4595123995,activo
1013606408,asdfadsf,rtyhrtyhrtyh,3100008873,mnopq@gmail.com,1234dwqqerq,Master,4595123996,activo
1013606409,dfasdfa,uikuikiu,3100008874,rstu@gmail.com,123dwqr331,Visa,4595123997,activo
1013606410,asdasdsad,sdfgsdfgs,3100008875,abcd@gmail.com,gtr1341331,Master,4595123998,activo
1013606411,advadsfasdf,sfg,3100008876,efgh@gmail.com,feqreq41234220,Visa,4595123999,activo
1013606412,asdfac,sfdgsdfg,3100008877,ijklm@gmail.com,faerqer1324fq,Master,4595124000,activo
1013606413,adsfa,srtyiuytk,3100008878,mnopq@gmail.com,q1fe4t15fqe,Visa,4595124001,activo
1013606414,asdfac,kuiktk,3100008879,rstu@gmail.com,123fqer143reqf,Visa,4595124002,activo
1013606415,asdfadsf,ryhrtyhrtyh,3100008880,abcd@gmail.com,13efqr231,Visa,4595124003,activo
1013606416,dfasdfa,rtyhrtyhrtyh,3100008881,efgh@gmail.com,fqer132rfeda,Visa,4595124004,activo
1013606417,asdasdsad,uikuikiu,3100008882,ijklm@gmail.com,1234dwqqerq,Visa,4595124005,activo
1013606418,advadsfasdf,sdfgsdfgs,3100008883,mnopq@gmail.com,123dwqr332,Master,4595124006,activo
1013606419,asdfac,sfg,3100008884,rstu@gmail.com,gtr1341332,Dinner,4595124007,activo
1013606420,adsfa,sfdgsdfg,3100008885,abcd@gmail.com,feqreq41234221,Visa,4595124008,activo
1013606421,asdfac,srtyiuytk,3100008886,efgh@gmail.com,faerqer1324fq,Master,4595124009,activo
1013606422,asdfadsf,kuiktk,3100008887,ijklm@gmail.com,q1fe4t15fqe,Dinner,4595124010,activo
1013606423,dfasdfa,ryhrtyhrtyh,3100008888,mnopq@gmail.com,123fqer143reqf,Master,4595124011,activo
1013606424,asdasdsad,rtyhrtyhrtyh,3100008889,rstu@gmail.com,13efqr232,Visa,4595124012,activo
1013606425,advadsfasdf,uikuikiu,3100008890,abcd@gmail.com,fqer132rfeda,Master,4595124013,activo
1013606426,asdfac,sdfgsdfgs,3100008891,efgh@gmail.com,1234dwqqerq,Visa,4595124014,activo
1013606427,adsfa,sfg,3100008892,ijklm@gmail.com,123dwqr333,Master,4595124015,activo
1013606428,asdfac,sfdgsdfg,3100008893,mnopq@gmail.com,gtr1341333,Visa,4595124016,activo
1013606429,asdfadsf,srtyiuytk,3100008894,rstu@gmail.com,feqreq41234222,Visa,4595124017,activo
1013606430,dfasdfa,kuiktk,3100008895,abcd@gmail.com,faerqer1324fq,Visa,4595124018,activo
1013606431,asdasdsad,ryhrtyhrtyh,3100008896,efgh@gmail.com,q1fe4t15fqe,Visa,4595124019,activo
1013606432,advadsfasdf,rtyhrtyhrtyh,3100008897,ijklm@gmail.com,123fqer143reqf,Visa,4595124020,activo
1013606433,asdfac,uikuikiu,3100008898,mnopq@gmail.com,13efqr233,Master,4595124021,activo
1013606434,adsfa,sdfgsdfgs,3100008899,rstu@gmail.com,fqer132rfeda,Dinner,4595124022,activo
1013606435,asdfac,sfg,3100008900,abcd@gmail.com,1234dwqqerq,Visa,4595124023,activo
1013606436,asdfadsf,sfdgsdfg,3100008901,efgh@gmail.com,123dwqr334,Master,4595124024,activo
1013606437,dfasdfa,srtyiuytk,3100008902,ijklm@gmail.com,gtr1341334,Dinner,4595124025,activo
1013606438,asdasdsad,kuiktk,3100008903,mnopq@gmail.com,feqreq41234223,Master,4595124026,activo
1013606439,advadsfasdf,ryhrtyhrtyh,3100008904,rstu@gmail.com,faerqer1324fq,Visa,4595124027,activo
1013606440,asdfac,rtyhrtyhrtyh,3100008905,abcd@gmail.com,q1fe4t15fqe,Master,4595124028,activo
1013606441,adsfa,uikuikiu,3100008906,efgh@gmail.com,123fqer143reqf,Visa,4595124029,activo
1013606442,asdfac,sdfgsdfgs,3100008907,ijklm@gmail.com,13efqr234,Master,4595124030,activo
1013606443,asdfadsf,sfg,3100008908,mnopq@gmail.com,fqer132rfeda,Visa,4595124031,activo
1013606444,dfasdfa,sfdgsdfg,3100008909,rstu@gmail.com,1234dwqqerq,Visa,4595124032,activo
1013606445,asdasdsad,srtyiuytk,3100008910,abcd@gmail.com,123dwqr335,Visa,4595124033,activo
1013606446,advadsfasdf,kuiktk,3100008911,efgh@gmail.com,gtr1341335,Visa,4595124034,activo
1013606447,asdfac,ryhrtyhrtyh,3100008912,ijklm@gmail.com,feqreq41234224,Visa,4595124035,activo
1013606448,adsfa,rtyhrtyhrtyh,3100008913,mnopq@gmail.com,faerqer1324fq,Master,4595124036,desactivado
1013606449,asdfac,uikuikiu,3100008914,rstu@gmail.com,q1fe4t15fqe,Dinner,4595124037,desactivado
1013606450,asdfadsf,sdfgsdfgs,3100008915,abcd@gmail.com,123fqer143reqf,Visa,4595124038,desactivado
1013606451,dfasdfa,sfg,3100008916,efgh@gmail.com,13efqr235,Master,4595124039,desactivado
1013606452,asdasdsad,sfdgsdfg,3100008917,ijklm@gmail.com,fqer132rfeda,Dinner,4595124040,desactivado
1013606453,advadsfasdf,srtyiuytk,3100008918,mnopq@gmail.com,1234dwqqerq,Master,4595124041,desactivado
1013606454,asdfac,kuiktk,3100008919,rstu@gmail.com,123dwqr336,Visa,4595124042,desactivado
1013606455,adsfa,ryhrtyhrtyh,3100008920,abcd@gmail.com,gtr1341336,Master,4595124043,desactivado
1013606456,asdfac,rtyhrtyhrtyh,3100008921,efgh@gmail.com,feqreq41234225,Visa,4595124044,desactivado
1013606457,asdfadsf,uikuikiu,3100008922,ijklm@gmail.com,faerqer1324fq,Master,4595124045,desactivado
1013606458,dfasdfa,sdfgsdfgs,3100008923,mnopq@gmail.com,q1fe4t15fqe,Visa,4595124046,desactivado
1013606459,asdasdsad,sfg,3100008924,rstu@gmail.com,123fqer143reqf,Visa,4595124047,desactivado
1013606460,advadsfasdf,sfdgsdfg,3100008925,abcd@gmail.com,13efqr236,Visa,4595124048,desactivado
1013606461,asdfac,srtyiuytk,3100008926,efgh@gmail.com,fqer132rfeda,Visa,4595124049,desactivado
1013606462,adsfa,kuiktk,3100008927,ijklm@gmail.com,1234dwqqerq,Visa,4595124050,desactivado
1013606463,asdfac,ryhrtyhrtyh,3100008928,mnopq@gmail.com,123dwqr337,Master,4595124051,desactivado
1013606464,asdfadsf,rtyhrtyhrtyh,3100008929,rstu@gmail.com,gtr1341337,Dinner,4595124052,activo
1013606465,dfasdfa,uikuikiu,3100008930,abcd@gmail.com,feqreq41234226,Visa,4595124053,activo
1013606466,asdasdsad,sdfgsdfgs,3100008931,efgh@gmail.com,faerqer1324fq,Master,4595124054,activo
1013606467,advadsfasdf,sfg,3100008932,ijklm@gmail.com,q1fe4t15fqe,Dinner,4595124055,activo
1013606468,asdfac,sfdgsdfg,3100008933,mnopq@gmail.com,123fqer143reqf,Master,4595124056,activo
1013606469,adsfa,srtyiuytk,3100008934,rstu@gmail.com,13efqr237,Visa,4595124057,activo
1013606470,asdfac,kuiktk,3100008935,abcd@gmail.com,fqer132rfeda,Master,4595124058,activo
1013606471,asdfadsf,ryhrtyhrtyh,3100008936,efgh@gmail.com,1234dwqqerq,Visa,4595124059,activo
1013606472,dfasdfa,rtyhrtyhrtyh,3100008937,ijklm@gmail.com,123dwqr338,Master,4595124060,activo
1013606473,asdasdsad,uikuikiu,3100008938,mnopq@gmail.com,gtr1341338,Visa,4595124061,activo
1013606474,advadsfasdf,sdfgsdfgs,3100008939,rstu@gmail.com,feqreq41234227,Visa,4595124062,activo
1013606475,asdfac,sfg,3100008940,abcd@gmail.com,faerqer1324fq,Visa,4595124063,desactivado
1013606476,adsfa,sfdgsdfg,3100008941,efgh@gmail.com,q1fe4t15fqe,Visa,4595124064,desactivado
1013606477,asdfac,srtyiuytk,3100008942,ijklm@gmail.com,123fqer143reqf,Visa,4595124065,desactivado
1013606478,asdfadsf,kuiktk,3100008943,mnopq@gmail.com,13efqr238,Master,4595124066,activo
1013606479,dfasdfa,ryhrtyhrtyh,3100008944,rstu@gmail.com,fqer132rfeda,Dinner,4595124067,activo
1013606480,asdasdsad,rtyhrtyhrtyh,3100008945,abcd@gmail.com,1234dwqqerq,Visa,4595124068,activo
1013606481,advadsfasdf,uikuikiu,3100008946,efgh@gmail.com,123dwqr339,Master,4595124069,activo
1013606482,asdfac,sdfgsdfgs,3100008947,ijklm@gmail.com,gtr1341339,Dinner,4595124070,activo
1013606483,adsfa,sfg,3100008948,mnopq@gmail.com,feqreq41234228,Master,4595124071,activo
1013606484,asdfac,sfdgsdfg,3100008949,rstu@gmail.com,faerqer1324fq,Visa,4595124072,activo
1013606485,asdfadsf,srtyiuytk,3100008950,abcd@gmail.com,q1fe4t15fqe,Master,4595124073,activo
1013606486,dfasdfa,kuiktk,3100008951,efgh@gmail.com,123fqer143reqf,Visa,4595124074,activo
1013606487,asdasdsad,ryhrtyhrtyh,3100008952,ijklm@gmail.com,13efqr239,Master,4595124075,activo
1013606488,advadsfasdf,rtyhrtyhrtyh,3100008953,mnopq@gmail.com,fqer132rfeda,Visa,4595124076,activo
1013606489,asdfac,uikuikiu,3100008954,rstu@gmail.com,1234dwqqerq,Visa,4595124077,activo
1013606490,adsfa,sdfgsdfgs,3100008955,abcd@gmail.com,123dwqr340,Visa,4595124078,activo
1013606491,asdfac,sfg,3100008956,efgh@gmail.com,gtr1341340,Visa,4595124079,activo
1013606492,asdfadsf,sfdgsdfg,3100008957,ijklm@gmail.com,feqreq41234229,Visa,4595124080,activo
1013606493,dfasdfa,srtyiuytk,3100008958,mnopq@gmail.com,faerqer1324fq,Master,4595124081,activo
1013606494,asdasdsad,kuiktk,3100008959,rstu@gmail.com,q1fe4t15fqe,Dinner,4595124082,activo
1013606495,advadsfasdf,ryhrtyhrtyh,3100008960,abcd@gmail.com,123fqer143reqf,Visa,4595124083,activo
1013606496,asdfac,rtyhrtyhrtyh,3100008961,efgh@gmail.com,13efqr240,Master,4595124084,activo
1013606497,adsfa,uikuikiu,3100008962,ijklm@gmail.com,fqer132rfeda,Dinner,4595124085,activo
1013606498,asdfac,sdfgsdfgs,3100008963,mnopq@gmail.com,1234dwqqerq,Master,4595124086,activo
1013606499,asdfadsf,sfg,3100008964,rstu@gmail.com,123dwqr341,Visa,4595124087,activo
1013606500,dfasdfa,sfdgsdfg,3100008965,abcd@gmail.com,gtr1341341,Master,4595124088,activo
1013606501,asdasdsad,srtyiuytk,3100008966,efgh@gmail.com,feqreq41234230,Visa,4595124089,activo
1013606502,advadsfasdf,kuiktk,3100008967,ijklm@gmail.com,faerqer1324fq,Master,4595124090,activo
1013606503,asdfac,ryhrtyhrtyh,3100008968,mnopq@gmail.com,q1fe4t15fqe,Visa,4595124091,activo
1013606504,adsfa,rtyhrtyhrtyh,3100008969,rstu@gmail.com,123fqer143reqf,Visa,4595124092,activo
1013606505,asdfac,uikuikiu,3100008970,abcd@gmail.com,13efqr241,Visa,4595124093,activo
1013606506,asdfadsf,sdfgsdfgs,3100008971,efgh@gmail.com,fqer132rfeda,Visa,4595124094,activo
1013606507,dfasdfa,sfg,3100008972,ijklm@gmail.com,1234dwqqerq,Visa,4595124095,activo
1013606508,asdasdsad,sfdgsdfg,3100008973,mnopq@gmail.com,123dwqr342,Master,4595124096,activo
1013606509,advadsfasdf,srtyiuytk,3100008974,rstu@gmail.com,gtr1341342,Dinner,4595124097,activo
1013606510,asdfac,kuiktk,3100008975,abcd@gmail.com,feqreq41234231,Visa,4595124098,activo
1013606511,adsfa,ryhrtyhrtyh,3100008976,efgh@gmail.com,faerqer1324fq,Master,4595124099,activo
1013606512,asdfac,rtyhrtyhrtyh,3100008977,ijklm@gmail.com,q1fe4t15fqe,Dinner,4595124100,activo
1013606513,asdfadsf,uikuikiu,3100008978,mnopq@gmail.com,123fqer143reqf,Master,4595124101,activo
1013606514,dfasdfa,sdfgsdfgs,3100008979,rstu@gmail.com,13efqr242,Visa,4595124102,activo
1013606515,asdasdsad,sfg,3100008980,abcd@gmail.com,fqer132rfeda,Master,4595124103,activo
1013606516,advadsfasdf,sfdgsdfg,3100008981,efgh@gmail.com,1234dwqqerq,Visa,4595124104,activo
1013606517,asdfac,srtyiuytk,3100008982,ijklm@gmail.com,123dwqr343,Master,4595124105,activo
1013606518,adsfa,kuiktk,3100008983,mnopq@gmail.com,gtr1341343,Visa,4595124106,activo
1013606519,asdfac,ryhrtyhrtyh,3100008984,rstu@gmail.com,feqreq41234232,Visa,4595124107,activo
1013606520,asdfadsf,rtyhrtyhrtyh,3100008985,abcd@gmail.com,faerqer1324fq,Visa,4595124108,activo
1013606521,dfasdfa,uikuikiu,3100008986,efgh@gmail.com,q1fe4t15fqe,Visa,4595124109,activo
1013606522,asdasdsad,sdfgsdfgs,3100008987,ijklm@gmail.com,123fqer143reqf,Visa,4595124110,activo
1013606523,advadsfasdf,sfg,3100008988,mnopq@gmail.com,13efqr243,Master,4595124111,activo
1013606524,asdfac,sfdgsdfg,3100008989,rstu@gmail.com,fqer132rfeda,Dinner,4595124112,desactivado
1013606525,adsfa,srtyiuytk,3100008990,abcd@gmail.com,1234dwqqerq,Visa,4595124113,desactivado
1013606526,asdfac,kuiktk,3100008991,efgh@gmail.com,123dwqr344,Master,4595124114,desactivado
1013606527,asdfadsf,ryhrtyhrtyh,3100008992,ijklm@gmail.com,gtr1341344,Dinner,4595124115,desactivado
1013606528,dfasdfa,rtyhrtyhrtyh,3100008993,mnopq@gmail.com,feqreq41234233,Master,4595124116,desactivado
1013606529,asdasdsad,uikuikiu,3100008994,rstu@gmail.com,faerqer1324fq,Visa,4595124117,desactivado
1013606530,advadsfasdf,sdfgsdfgs,3100008995,abcd@gmail.com,q1fe4t15fqe,Master,4595124118,desactivado
1013606531,asdfac,sfg,3100008996,efgh@gmail.com,123fqer143reqf,Visa,4595124119,desactivado
1013606532,adsfa,sfdgsdfg,3100008997,ijklm@gmail.com,13efqr244,Master,4595124120,desactivado
1013606533,asdfac,srtyiuytk,3100008998,mnopq@gmail.com,fqer132rfeda,Visa,4595124121,desactivado
1013606534,asdfadsf,kuiktk,3100008999,rstu@gmail.com,1234dwqqerq,Visa,4595124122,desactivado
1013606535,dfasdfa,ryhrtyhrtyh,3100009000,abcd@gmail.com,123dwqr345,Visa,4595124123,desactivado
1013606536,asdasdsad,rtyhrtyhrtyh,3100009001,efgh@gmail.com,gtr1341345,Visa,4595124124,desactivado
1013606537,advadsfasdf,uikuikiu,3100009002,ijklm@gmail.com,feqreq41234234,Visa,4595124125,desactivado
1013606538,asdfac,sdfgsdfgs,3100009003,mnopq@gmail.com,faerqer1324fq,Master,4595124126,desactivado
1013606539,adsfa,sfg,3100009004,rstu@gmail.com,q1fe4t15fqe,Dinner,4595124127,desactivado
1013606540,asdfac,sfdgsdfg,3100009005,abcd@gmail.com,123fqer143reqf,Visa,4595124128,activo
1013606541,asdfadsf,srtyiuytk,3100009006,efgh@gmail.com,13efqr245,Master,4595124129,activo
